sensitive_tool_count,max_time_gap,min_time_gap,avg_time_gap,session_length,unique_tool_count,label
3,4.975681458843933,0.33794586784111397,2.9405723451756764,6,4,0
4,5.8135600246405765,0.3888086437834942,2.6258427982379873,5,5,1
5,5.897146701153368,0.17054584669953665,2.9331334504200965,8,7,0
3,5.983252414169796,0.6426739680764079,3.8071711103517374,8,6,0
1,0.398762435400011,0.398762435400011,0.398762435400011,2,2,0
5,5.312200413472394,1.1195625498016564,2.1507842859298667,6,3,0
0,3.7401652704934047,3.7401652704934047,3.7401652704934047,2,1,0
5,5.319449845727293,0.9096925010791823,2.7133959282977878,7,6,0
0,5.997673906186942,0.44568825864089934,4.331400622983331,8,4,0
2,4.916082453491535,1.6725093062875303,3.2942958798895328,3,2,0
3,4.454820096611952,1.4956516831805193,2.7467473510316056,6,5,0
3,5.515587496931814,0.10403262866460176,2.187887189988072,8,7,0
1,5.520806645112516,5.08127610998214,5.301041377547328,3,2,0
0,4.257708416220713,0.7544314927923469,1.98263020956174,4,3,0
3,5.857577961156315,2.00335890580017,3.585004489881,6,6,1
4,4.905279995013584,1.1484789021320836,3.1135140316352694,7,6,1
1,1.1742823604799297,1.1742823604799297,1.1742823604799297,2,2,0
1,5.6264579819701,0.9297958720765535,3.684593163282783,4,3,0
2,5.782169784780468,3.853501944418173,4.817835864599321,3,2,0
3,4.743418035934896,0.3840700006263619,3.1671011822465998,6,5,0
4,4.9899611676408835,2.172263898860972,3.7190745004040777,7,5,1
3,4.815247937962402,0.21846019015036303,1.7428742643915036,5,4,1
1,5.338794479632389,5.338794479632389,5.338794479632389,2,2,0
1,5.913128990832745,2.0939084470628213,4.003518718947783,3,2,0
2,1.3127478126358292,0.6974210847426803,1.0644970758504024,5,4,0
1,4.005919333458219,1.2780813244895837,2.602479967716721,7,4,0
1,3.865324888539967,3.865324888539967,3.865324888539967,2,2,0
3,5.324406887222279,0.6377075775490074,2.9081774588131313,7,6,1
2,5.038764637593297,1.6540647770079184,3.129099303144185,4,4,0
3,4.538187338480194,0.6056731398555109,3.0606414624098863,4,4,1
3,5.060703281938478,3.3662512463316623,4.451848431991948,4,4,0
1,5.412684862682392,3.062398674862069,4.348799087273771,5,4,0
1,5.983888437994776,2.668820148641793,4.681086552676788,6,4,0
2,5.154082665812856,3.3571197302948548,3.9645837331765086,4,3,0
1,5.292801129287691,1.6584061180051899,4.436956513168247,6,4,0
3,5.285850026874356,2.435177190963088,3.422193224685289,7,5,0
5,4.9225769593011375,0.6794826026091733,2.7420268639076313,7,5,0
6,5.2164149262463315,1.2088205762664075,3.670745324275561,8,7,0
3,5.516383309112586,1.2373043363061937,3.6326452290184106,8,6,0
4,3.84891787354748,0.28032283505376204,1.653363525352124,4,4,0
4,5.042157244514691,0.26195789039684425,2.4494540584434668,7,7,1
3,4.098401951936728,1.687593117686847,3.0554072225850044,5,5,1
0,3.6892289090901973,1.420243187167522,2.5547360481288597,3,3,0
4,3.7792759675025938,1.3874334190302957,2.605843467328551,6,6,1
3,4.138037501557296,1.7312511748038901,2.5827855239929174,6,5,1
3,3.1520321549199437,0.43497057893899027,1.7015949973873505,4,3,0
5,5.9690470075238515,2.124685592849882,4.133241463270084,8,7,0
6,5.271319227618452,0.6758580764949851,2.442760584297957,7,6,0
3,5.2414501697704425,1.4112957179261152,2.6627921999405086,5,4,1
3,2.8361877063077836,0.41669403099805724,1.349264139210305,4,3,0
3,5.238009963482727,0.8069140294062844,2.819002273306026,7,5,0
3,5.188124265688985,0.5767876548821251,2.2478826487772485,5,5,0
3,4.6638994007913315,1.3353559731769589,2.922123140840801,4,4,0
2,5.795434256767195,0.3225793790021341,2.9594357077155924,6,5,0
1,0.20570514122258154,0.12433062044868472,0.16501788083563312,3,3,0
5,5.695933912812799,0.36973827525521263,2.3860991881399607,7,6,0
3,5.450675993542461,0.21283592542758456,3.23057112522498,6,6,0
3,3.9381882427152264,1.097009977151868,2.7193188771104317,5,4,1
3,4.169523515426814,0.2164764224334565,2.762247998692935,7,4,1
4,5.00085105077825,0.9092647855808728,3.056974621044931,6,6,0
1,0.7946339537797118,0.7946339537797118,0.7946339537797118,2,2,0
3,1.651664102121018,1.2720153040670652,1.4007335948171995,4,4,1
3,3.028492808871747,0.3324936750085551,1.6322382692466118,5,5,1
2,5.450592261191773,0.9799525067339201,3.8764109832346234,5,4,0
1,4.369025339701025,4.369025339701025,4.369025339701025,2,2,0
2,2.794832284995384,2.794832284995384,2.794832284995384,2,2,0
4,5.257428650056739,2.2252665179179383,4.320327518958149,6,5,1
0,4.01379466219598,1.1060224305026147,2.5029361066786753,5,3,0
1,5.3281309314203735,1.0839945023285873,3.218492057823183,6,4,0
0,3.5854267876429975,2.55456352812229,3.0699951578826434,3,3,0
3,5.3368041755749065,0.4736826743447474,2.888127940055741,6,5,0
3,4.090143853308903,1.566604269619175,2.8343100784836293,6,5,0
4,5.823855787822061,0.39706921570660925,2.561162193474251,8,5,0
3,4.827441597587661,2.743781655425706,3.4599604540093183,4,4,0
4,3.6647993287646052,0.101001321322185,1.8379250620286645,7,6,1
3,5.081472893665089,2.058638490772917,4.108955965100189,7,5,0
2,3.8386009647709036,0.11296199198072375,2.048960976800523,4,3,0
1,4.964869447874876,0.37435213526410205,2.6332460255764856,8,5,0
3,5.553788155311079,2.6535812411383914,4.21197043445453,8,6,0
1,3.979378685677212,3.6763485663228153,3.8278636260000134,3,3,0
3,5.5038704260128855,1.7142156917410565,3.93869886323284,4,3,0
2,4.515718508679705,2.535198289564954,3.760333693045899,4,3,0
4,4.0670049070027705,1.814419023327579,2.9503112084859424,5,5,0
4,4.526091610153316,0.24910563340138528,2.1857392148620476,8,7,1
4,4.085603479765397,2.216226380338927,3.244460191569277,6,6,0
3,4.801318521894874,3.1144415917054737,3.9578800568001737,3,3,0
3,5.857354060131145,1.9446584872783417,3.8581323445824167,6,5,1
4,5.9023746090210025,1.2416365015182533,3.105636481462008,6,5,0
0,4.436968967554691,4.436968967554691,4.436968967554691,2,1,0
3,4.287166848266253,0.8673925276806965,2.2280577434754516,7,6,1
1,4.664599604167439,3.789663309097969,4.227131456632704,3,3,0
3,4.725785546565959,0.5022411677161127,1.9571996824918394,6,5,1
1,5.980123387365599,1.388827186128637,4.019864838280968,6,5,0
3,5.6754272555478416,1.9935283619917807,3.8273463577371825,7,5,0
3,4.836618751298934,0.35872479937196033,2.6413764154480104,4,3,0
4,4.143890579811004,1.3436107021195978,2.9506982523385346,7,5,0
4,4.947553979926624,0.3235292570022739,1.91211268551395,8,7,0
1,2.398061016741861,0.13480367201860347,1.1102895607858387,4,2,0
3,3.0667380103930806,1.8100359331269726,2.3624015873778452,4,4,0
3,4.615118022020728,2.4311682235488443,3.3246738993711467,6,5,1
4,5.795655821193762,1.858533368974964,4.425265924013686,6,5,0
3,3.4790397101660355,2.4250820351332205,3.078173967144487,4,4,0
3,5.443205379031568,0.9404851909699343,3.173213714337603,5,5,0
3,5.941450893628947,0.4208910049735568,3.6798569763256497,6,5,1
1,5.410699685973238,0.6902658379249951,2.9359737120273866,6,3,0
4,5.756087639384073,1.0949731143452832,3.349965130015839,8,6,0
4,3.3548637743451635,1.9022835990274785,2.576132061172241,5,5,1
1,5.166410566687715,0.9260098454255794,3.0462102060566476,3,3,0
3,5.992496232569925,2.885413309619263,4.214510565611729,5,5,1
1,4.00980308733431,2.441032430133274,3.1712074694998424,4,3,0
1,5.455583946180468,0.3525698009480166,2.4703779625648177,8,3,0
1,0.7090275760892321,0.7090275760892321,0.7090275760892321,2,2,0
1,5.452730316036236,2.182098245782382,3.6642612947609114,6,4,0
4,3.6519196311539854,0.9864184059407073,2.0027102580557643,7,6,1
6,5.016853478732,0.23243162511031903,1.7903678926087925,8,5,0
1,5.6887978248738955,1.3779011655621218,2.99377187234184,7,4,0
0,4.37270210865876,1.6606721214172093,3.036765593830815,5,2,0
1,5.465101416228124,3.1839969238012356,4.440825559769782,5,4,0
1,5.278740562683511,0.6498207982273511,3.538695012780984,6,5,0
3,4.8335711564461015,1.4539689126363962,3.719700478046589,8,6,0
4,5.469503604385362,0.13226977947337973,2.4592140609061053,7,7,0
4,3.55368409079636,1.641687079104512,2.6030645151562863,4,4,1
3,4.724351660084872,1.5972881081119086,2.910746531171751,7,7,1
2,5.144493644659222,3.9897688098445983,4.548788735158386,4,4,0
3,4.82503702676594,3.72274966547369,4.356148888222654,5,5,0
3,3.693270281126771,0.6200300669526654,2.063367594930362,5,5,1
3,4.843068463780764,1.2900727325554864,3.0773083952515043,7,6,1
3,5.856310815579624,2.2224659898252344,4.014463203256908,4,4,0
2,2.1834532138035154,2.1834532138035154,2.1834532138035154,2,2,0
3,4.447860686863731,0.5048413144286479,1.8407984761546012,5,5,0
6,3.3959212059309873,0.12744356424014477,2.296856311933479,8,5,0
3,4.897569362677608,3.491873884766063,4.195058410041447,4,3,0
4,5.389490554200682,2.9436239561884325,4.410115107573343,5,4,0
3,4.820952223709308,2.1832679662657895,3.179177808630753,4,3,0
1,5.687996843474521,1.6875471165659146,3.5699121591553746,6,5,0
3,5.249180740608958,1.2963226968508128,2.3596751071116695,5,5,0
2,4.609040854549609,0.34935244771288676,2.984038413526696,6,4,0
3,4.609147720071973,1.1789439924652023,3.1754537152925337,6,6,1
4,5.8613924518985465,0.16973787380164865,3.1575599379729375,8,7,1
2,3.336524062237213,1.4991209997945172,2.572194237996206,4,4,0
3,5.140523914720836,0.8737210823424711,2.5760394978818013,7,6,0
1,5.370295415903631,0.15747951747464292,2.379750652951402,6,5,0
7,5.165161696450588,0.3814848940862061,1.7109802242894017,7,4,0
7,5.782387709415693,0.217028468321184,2.9320636185112137,8,5,0
3,5.348831449915501,0.9546051958405978,2.853869312384702,6,5,0
3,4.291557562187963,0.5667603720411429,2.5776059519781973,6,5,1
3,5.648580290294174,0.23629644466739477,3.002021842974728,7,6,1
2,5.976481015169487,0.4175700854923796,3.79215620609947,7,4,0
1,3.963512785705764,3.963512785705764,3.963512785705764,2,2,0
4,3.207779793793372,0.30741438727781056,1.6364513757847792,6,6,1
4,5.615659672820904,0.8971779571495897,3.283084916452888,4,3,0
3,4.847775820854073,1.9270018358725802,3.2114570102305273,7,5,0
4,4.573931347600253,0.16227933019805568,2.1239692889323214,6,6,0
3,5.304756204093029,1.2125687780174732,3.8471698033015076,7,6,0
4,4.819758514826975,0.5673374257327045,2.9073286836351078,7,6,1
3,4.232788327889496,0.7511024680559857,2.408433253316431,7,5,0
1,5.836762369449538,0.23057222513133097,2.610603455426039,4,3,0
3,4.7357794986428905,0.18687659660070655,2.369212899739864,7,5,1
3,3.3048325082202705,1.1714620577837118,2.1409885376790956,5,4,0
6,5.894483523293123,0.297710720264623,3.4537626428165606,8,6,0
1,5.8423169565668545,0.1888994610862886,3.086930569556131,7,5,0
2,4.6477023000116,1.0144524603430338,2.847803663215147,5,4,0
4,4.852599721860856,1.238495264395935,3.236527842175641,5,5,1
2,4.26909327567555,3.302131053153596,3.656490197858684,4,4,0
4,5.2192048557472415,1.046026113676815,3.7134855416111443,8,6,0
4,5.309300997931116,1.9920951564157088,3.4130076283320774,6,6,0
2,1.2202297694385915,1.2202297694385915,1.2202297694385915,2,2,0
5,5.02764081159992,0.49341107426796715,2.367779135828941,7,7,0
3,3.8863348419529737,0.2877211844099447,1.949331809706093,5,5,1
2,5.588245117173401,0.5181563696057198,3.010754147076731,5,4,0
3,5.353540599004357,2.2294637016379633,4.023173734004497,4,4,0
3,5.69026973288877,1.2394047424534922,3.592102288300451,5,5,1
4,4.7755234268631,0.7142041406346478,3.139862743692537,6,6,0
3,5.084638687917181,1.5202630812119973,3.3251025193496373,8,6,0
4,5.352914889759315,0.10115420434808986,1.2527101775019873,8,6,1
2,5.665752646843665,4.651986124734919,5.158869385789292,3,3,0
4,4.885337997017684,0.322644170494242,2.2283046666077335,8,5,0
1,4.432169127877721,4.432169127877721,4.432169127877721,2,2,0
3,5.539041829469196,0.32049241745216517,3.6119817912893133,7,5,0
3,5.231740433315197,1.4376342610366946,3.540257291665988,4,3,0
3,3.285585403688148,0.34297528776502284,1.842260903146901,4,4,0
3,4.074447929980707,1.0038651473676181,2.5391565386741624,3,3,0
2,2.4265021828805895,0.8799153676881806,1.6316106571716422,5,4,0
3,4.665568305681914,0.8692135318815275,2.8311099215133306,8,6,0
3,4.139954036864747,0.7639262412735116,2.6395202179226867,6,6,0
1,5.927146310086003,3.7357038672815706,4.831425088683787,3,3,0
4,4.463531617237436,0.6063051936253399,2.8471108165795296,8,7,1
3,4.466076611535491,1.3500643499376475,2.530886578260948,6,5,1
1,4.209507461979927,0.4546492924964419,2.0984185765000563,6,5,0
3,5.880777821288534,1.82572390748353,3.6998900764007714,6,4,0
3,5.541393682536115,0.33453917920301546,3.2813055715293347,8,6,0
3,5.9763670263561695,0.4658572114421047,3.1327765004270725,6,6,0
3,5.248938677389884,3.172235280033749,4.16795784777671,5,5,1
3,5.46743882202861,1.3198679204999553,3.0323164577573887,5,5,0
2,5.1892672033224025,1.9230905373568783,3.5561788703396404,3,3,0
3,5.840086607209122,0.27395174366285324,3.0090738668309007,8,6,0
1,5.917137999167229,0.2545695066335806,3.3038972960999136,4,3,0
3,4.300912855062294,2.219641873753853,3.232916617326254,8,5,1
4,5.816008977506936,1.4130698530373222,3.74016689521398,7,5,1
1,5.640920886252525,2.4254891813388375,4.090055617964086,7,5,0
3,4.437503481146578,2.4341060601517612,3.3980607814950226,7,6,0
3,5.522293637855539,1.0822709500232852,3.4798609268138194,7,6,0
3,2.7767163409505877,0.2469814654840797,1.8628027313174145,5,5,0
3,4.338410846339522,0.7735731390620587,2.18674230542086,6,6,0
1,4.634919491929561,1.1553139115722852,2.9186007124721676,6,4,0
1,4.863981925948919,3.0360028836647066,3.6572698047300007,5,3,0
4,3.6406024153439764,0.5684890124736554,2.068198049250643,5,3,0
1,5.5302697197902635,0.38928504021791444,3.3719849319511197,6,3,0
1,5.80113025670121,3.416845465054912,4.30387959162571,5,3,0
2,2.335742174383715,0.49923339914387255,1.703178394610175,4,4,0
3,5.170506852262239,0.8199370570350785,2.6434864707707386,5,5,0
3,5.569921672085728,1.6319942317888754,3.6610915672962796,8,6,1
3,5.877620191439815,0.1093274116324041,2.504672022132103,5,5,0
3,4.762153466792649,0.16665388107037565,2.5408552338189074,7,5,0
4,5.7646656689926425,0.7716369013967447,2.8991999477752417,6,6,1
5,5.363144128060517,2.0771469617528724,3.5310806357768443,8,5,0
5,5.505500061358316,0.21043873972258348,2.7609173631130695,7,5,0
3,5.201102773963132,0.2866064734893645,3.308340905079119,7,6,0
4,4.9937990666127785,1.1325752002162077,2.8024940256594784,5,4,0
1,5.549456930551561,1.2222489037117643,3.7310360427077978,4,4,0
3,5.6343406956290085,0.8830312230482986,3.987117581701267,6,5,1
3,5.600790329722886,0.6137477604032269,3.493610892024228,5,5,0
3,2.7025821742388,1.2360192737784053,1.9294023344420315,6,6,1
3,5.753958521599883,0.7040142276794203,2.7872000980139244,6,6,1
3,4.085426033271033,0.4174192667611354,2.213488233330945,8,6,0
3,5.526165348453346,2.787946607405774,3.906756343544987,8,6,0
1,5.51186008844201,1.1817831227758993,3.3468216056089544,3,3,0
3,2.924047306338891,0.48565467301363296,1.3919118724745996,4,3,0
3,3.5841621446557883,0.5184515407334457,2.175931131361308,8,6,0
3,4.902102658860036,2.6685868773352057,3.9904671186989256,7,6,1
3,5.7397123336358575,0.5106850454936115,2.8601302705423453,8,6,1
4,4.566758532566425,1.8198691956765778,3.2895942577745085,5,5,0
5,5.665666455227071,1.896845784926113,3.835987541640642,6,5,0
3,5.874307755526478,0.10497555322788142,3.303238600335507,8,6,1
3,4.008676605843899,1.2105383446588167,2.7576781803882264,6,5,0
4,5.984990653761778,0.19267601631265655,2.3293189754089845,6,6,1
4,5.588834973511506,2.602335638978296,4.054034001077108,7,4,0
5,5.096142931374825,1.4968248069403096,3.0392074325321974,8,7,0
1,0.7676697807281148,0.7676697807281148,0.7676697807281148,2,2,0
1,4.045431120400751,1.5468646942635198,3.3573136413293345,5,5,0
3,5.767429684615038,2.583995032177834,3.7785652860531704,8,5,1
1,4.389133113113248,0.4623648026054372,2.75912164271154,4,4,0
4,4.724200650597423,0.5534873315954725,2.304301069074166,8,6,1
0,5.469775783206848,3.9890182780865855,4.639566913044447,4,4,0
4,5.185885125363127,2.1228031725140126,3.771500591709512,5,5,1
0,5.610256942720489,5.610256942720489,5.610256942720489,2,2,0
1,4.383394641888816,1.0869712393287922,2.735182940608804,3,2,0
3,5.694685469860764,0.40988686225445814,2.9523999374525474,6,5,1
5,4.804123361766648,1.8038741109565861,2.9712725517547076,6,5,0
2,5.741483569748787,2.6475366838415324,4.0832742486657265,4,3,0
3,4.833666529356189,1.6065291215525968,3.378319454982121,6,5,1
3,5.006968048966799,0.1705723250386691,2.108880332722968,8,6,1
4,3.7544436197165667,0.4356032784073218,2.5984881782372997,4,4,0
1,5.543902805983718,1.055599586712678,3.289965232677022,8,4,0
3,5.738073625382222,0.45434602218574094,2.5231993476368837,6,5,1
3,3.722401116756314,0.7397397648457309,2.599066676885629,5,5,0
1,0.30567927830088937,0.30567927830088937,0.30567927830088937,2,2,0
1,4.685699275364757,4.685699275364757,4.685699275364757,2,2,0
1,3.9519054627267876,3.9519054627267876,3.9519054627267876,2,2,0
1,1.671975238580138,1.671975238580138,1.671975238580138,2,2,0
3,4.892426358414829,0.5135881452766015,3.0407900275001976,6,5,1
3,5.769460579800385,0.6349351514547811,3.6182978385717495,7,5,1
3,5.80832646762256,1.863335036528896,3.517902626447953,5,4,0
2,0.600688659569349,0.600688659569349,0.600688659569349,2,2,0
3,5.79322769136784,1.5070622748618723,3.5692368473054477,7,5,0
3,4.472203846410957,0.5249974885402486,2.7277572744107146,5,5,1
4,5.437507868657188,0.18475470927558188,3.5993316441907073,5,5,0
0,3.6103667021925285,0.7736601235951975,2.192013412893863,3,2,0
1,4.608944505966906,0.8123983883557528,2.4066630031925844,6,5,0
3,5.332799337610722,0.13746251346634003,2.6599330083807877,8,6,1
1,4.976253229508101,0.6193250425192023,2.62532938834524,8,4,0
3,5.47775779291269,0.4131072136978955,2.3988979616268082,8,7,0
4,3.5205944770815716,0.2714848284562097,1.81332337913609,8,6,1
1,5.2323291873912465,1.401910273982773,2.9571807707187965,5,4,0
4,2.8006671387474626,1.1505585162732657,1.8750754208600255,5,5,0
3,3.4551284130807605,0.2893581135872163,1.8333503468368104,4,4,0
3,4.787935855717922,1.0250499319905566,2.2628936851653974,5,5,0
3,5.974419590659524,2.986359051517951,4.54909724871264,6,6,0
1,5.361753506005779,0.9789212405022445,3.3107091251665643,4,3,0
3,5.704609984056936,0.17329564980896578,2.69456292853303,8,5,1
4,4.249496478660172,1.898535953124141,3.026250615000018,4,4,0
3,5.242155617367333,1.19117985561614,3.6211355720126366,5,5,0
4,5.600235267157769,2.0805985893382775,4.00949782329683,6,6,1
2,2.8455819633073163,0.34115857598833543,1.816231738388128,4,4,0
3,5.239675157209574,3.283839574977683,4.318902824871108,8,6,1
3,4.994402975022686,2.29960129437474,3.457674572905072,8,6,0
4,5.753713380128882,0.553989128360547,1.9258268869043622,7,7,1
3,5.243582834539828,0.47140210069727906,2.5390876545026866,8,7,1
3,5.399863344856759,1.908320527622469,3.662777995880043,6,5,0
3,4.641523449037454,0.37918172534701355,2.5103525871922336,3,3,0
4,5.841915926595182,1.7829548349637907,4.232897831773899,6,5,1
3,5.963260924578401,0.7898122753411051,3.236003667849083,5,5,1
4,5.5305604580570655,1.0593258876241252,2.810900005271021,6,6,0
1,5.88606969539067,1.8099803777089176,4.0654448124048885,5,4,0
3,5.411029367420653,0.922597431393334,3.729068266275111,5,5,1
3,5.620423952682772,0.42469845330783773,2.587899998955963,7,7,0
4,4.32418625680688,0.4306809444713364,3.0007171738480323,8,7,0
4,5.867389406479139,1.779437157027641,3.2732737535775485,4,4,0
1,5.9314563245952305,1.8890637174264893,3.515202906597245,8,5,0
2,2.5456326822330713,2.5456326822330713,2.5456326822330713,2,2,0
3,5.01047396698922,1.8078326826379811,3.6918192976048108,5,5,0
4,4.768195329714085,0.8326438535563384,2.8920648818986336,8,7,1
1,5.826689426553819,3.008996327717337,4.156381520775651,4,3,0
4,4.190369964386781,0.412041137432717,2.3825823155859243,8,7,1
4,5.0854698236383955,1.0861019321374803,2.8991679894453988,8,6,0
1,5.533353527439006,1.0618719406743748,3.474677985904927,7,4,0
3,0.8742697249957733,0.20253845549492164,0.6215151734860215,4,4,0
4,5.349385673751922,2.1180662648083435,3.924689307907273,5,5,0
3,4.175827006264327,0.5637692764874537,1.6118536601491233,5,5,1
3,5.460322860574525,0.2934770224915858,2.7615400188211248,7,5,0
4,5.145314684165589,0.2726287851899706,2.6163352292927287,8,6,0
2,5.78915641354736,0.12554067927689405,3.3571234788091937,8,5,0
1,5.750711641708125,2.694028392238927,4.222370016973526,3,3,0
3,4.592315734246487,1.9542536074618315,2.975024842759966,5,5,0
3,3.642298099722185,0.782763381080393,2.035018133783486,6,4,0
4,5.64058381026144,0.17543648252239488,3.0403655258154876,5,5,1
3,5.867668043823247,1.0954669459297615,3.905502393541821,7,5,0
3,5.079774055964513,1.4739308688405441,3.013003401493138,4,3,0
4,4.63119737790782,1.7454547358267545,3.064610723573464,7,6,1
3,5.835228047942106,0.4118292823347711,2.315939167107614,7,5,0
2,4.000375566143524,1.8320212945815177,2.9818558221440923,7,5,0
3,5.176128146040116,0.29387279706841785,2.6151438087687104,8,5,0
1,4.082645022826395,0.745353758009119,2.601327616120821,4,3,0
5,5.828137474723208,2.1813062445981615,3.3777796171760603,7,4,0
1,5.0379114967720175,0.36619886723435324,2.5208278039955925,4,3,0
1,5.47129521041474,0.486451392820073,2.82287963143002,7,4,0
4,3.9808299406906533,0.3205279679549139,2.5077579499837928,5,5,1
4,5.916012210901338,2.3286518012366137,3.798908686627006,6,6,1
1,5.058244883395525,0.3804350305660781,2.6238746127088546,5,3,0
3,4.960059803581963,0.5523033905332324,2.862004427326787,8,5,0
4,5.297289753777977,1.5824622779137405,3.5362556463611696,7,6,1
3,5.131370424015842,1.680822126040319,3.8871663980841635,5,5,0
4,5.4757130047688065,1.5182062922998414,4.127208136373289,8,7,1
3,4.152443930113839,0.26345462463021996,1.6801788021521873,6,6,0
1,5.389382306450488,0.3491709924216764,3.0137330861137532,8,4,0
3,4.018881099604005,0.8117914213206584,2.83772044444139,5,4,1
1,5.6194505661348035,0.7302026780948795,2.163794590972409,6,5,0
4,4.727212183387104,0.9549780289954563,2.5326333200813704,7,6,0
4,5.755053309601837,0.8201172356007472,3.458441928024089,8,7,0
1,5.566333596876744,0.5725579020147534,3.537201952079034,8,5,0
4,4.89922548556025,0.26137027066689045,3.0360351956667055,7,7,1
3,4.62888342291613,0.7538863780435349,2.6771953120816807,7,5,1
3,4.977934795116815,1.2721159458007945,3.2344774365232216,7,6,1
3,5.847352673324248,1.2697705957630323,4.304816871078446,7,5,1
3,5.752393898149795,0.18327794998617603,3.4183247333804667,8,7,0
7,4.962124442081948,1.2172427018594207,2.6081024575082887,8,4,0
1,1.812138472938211,1.6446168369752552,1.7283776549567331,3,3,0
4,4.188838991862332,0.16088942934871825,2.2790436548807174,6,5,0
3,5.593281184029315,0.40746440860546307,3.022256002174555,7,5,1
3,5.81154108169774,1.8847933982863339,3.2232736505234105,7,5,0
4,4.290507890503856,0.6289230873597603,2.2316804227056988,6,6,0
3,5.564798550587203,1.769260498333549,3.667029524460376,3,3,0
3,4.447528505831464,1.073404530895525,2.7306692371676387,4,4,0
4,2.8744604351768,0.4219462875737042,1.4228920632599826,5,5,1
2,5.971690285813314,5.570517412721914,5.7711038492676145,3,3,0
3,4.346607384194344,0.7636962144855126,1.8874669652119145,7,5,1
3,5.889873404173348,0.6564008208771751,2.2533633588427078,8,6,0
4,4.275469235265866,1.6889787726536771,3.0777328021491495,8,7,1
1,4.829191981237379,1.7694286577903329,3.802562589277487,4,4,0
4,5.793790927888282,0.6262110152916683,3.1611662720143343,7,5,0
6,5.432032203981842,0.6670578353785869,2.6076467734244417,8,5,0
1,5.842303564658736,0.6483900199725084,3.427601095685054,5,4,0
5,5.452525495209646,0.8539595152247857,3.051449925806592,7,5,0
5,5.512081875399201,2.5368144866634736,3.768264962002154,8,7,0
4,5.073167957502963,0.36702642657916484,3.3306855797372608,8,7,0
1,5.798242464594963,0.13449771054170748,2.879549938604684,8,5,0
3,4.914212515903435,0.6170472706707414,2.1785433806083394,7,6,1
3,5.163317210682243,0.6079519284920052,3.5293088459533224,5,5,0
3,4.458808972279196,0.2158038941979331,2.3552320818678605,8,5,0
4,5.878972933832904,3.8194182939903008,4.668546278032436,4,4,0
4,5.367975457198707,0.47471235677829615,2.987894240568879,7,6,0
4,4.215335198296287,0.22276085579296367,1.8449092145496133,7,6,1
3,5.762839872833195,4.071333032472067,4.854418110697424,8,7,1
3,5.963226688749924,0.6953319808955973,2.685664345488678,7,5,1
2,2.6406607290537565,0.2886230458334957,1.1349702445796763,4,3,0
1,5.567129380874183,2.6831775681229133,4.076123676647424,6,5,0
0,3.6969695032739778,3.6969695032739778,3.6969695032739778,2,2,0
3,5.4748160461609565,1.0264920294080726,3.3907409001530517,5,4,0
3,5.106711041116363,0.9128575386524379,2.6961232246284563,5,5,0
4,4.553586753819516,0.6028797840289187,2.6333687857690564,5,5,0
4,4.830435203984788,2.514924984414764,3.17277970902774,5,5,0
3,4.333991840905372,0.5105290144696192,2.5232173958455912,5,4,0
2,5.424815676285981,0.44107799432146944,3.436395259559138,5,3,0
1,4.751215315962628,1.3102880711609168,3.3780375859541993,7,3,0
3,5.2912661354499555,2.400961879477517,3.6276523962478557,7,5,1
2,2.110182390858034,1.942289240478587,2.0262358156683105,3,2,0
3,5.653923893243252,0.8304968094946733,3.6084277817215367,8,7,1
3,5.935100465501871,3.4370236368210465,5.030829759390593,5,5,0
3,4.954772065531031,1.5610366547170196,3.0504232785832066,6,6,0
4,5.342204851414066,0.46694266801202033,2.385622149258332,7,6,1
3,5.979419475767551,1.060772366461474,3.9790845613086145,7,6,1
4,5.670010410236251,0.7965431302590457,3.0436541080481163,6,3,0
3,5.947018596599345,1.8892344879693508,3.5725945999486077,6,5,1
1,5.627241866112443,1.900467386435252,3.7638546262738473,3,3,0
2,5.2355165620418385,0.8217346424644445,2.7380933237391893,4,4,0
4,4.593904807825263,0.6269583867407481,3.0695011558306606,7,6,0
6,4.055618653083255,0.3703363146831764,1.8998124028233327,6,4,0
1,3.410161694932298,0.8303115069798652,2.1202366009560816,3,3,0
3,5.778022919684232,1.314249488317903,3.725858599251162,8,6,0
3,5.609707822928229,0.2419359473282516,2.5561159964575264,7,6,1
1,5.717771892271421,1.0099414878344972,3.866125402301648,5,3,0
3,4.983674252085827,0.8137009546613756,2.4357616185951794,8,6,1
3,5.328319786562582,1.4790686889815112,2.7572094545066514,8,5,1
3,5.810677925050001,0.5950592979270168,2.8114295954046433,6,6,0
3,5.7719774445728,3.3753982645666434,4.955930068947931,4,3,0
3,5.538683203942321,0.45503268247611917,2.321612019525815,5,4,0
3,4.999938836127047,0.512617796464013,2.444348610365051,7,6,1
6,5.879878052628745,1.7107775207681717,4.451168913829921,7,6,0
5,5.541320908159616,0.1252475613245772,2.649435605241601,7,5,0
3,5.835030262883077,0.8281519925793177,3.824777685352578,7,5,1
1,2.7230081748608015,0.21671185102078197,1.5263464980381545,5,5,0
3,5.882702809672587,0.3170966532562859,3.6562531362903514,6,5,1
3,3.051921268661818,0.7545845131017697,1.6621678048007347,5,4,0
1,4.501243287204138,0.8518423708661225,2.6765428290351303,3,3,0
5,5.310301422910125,0.11153429250086216,3.176623773113395,6,4,0
4,5.3144344058275195,1.4248344158909576,2.9780586502207798,7,6,1
4,5.942561404041355,1.431205219557614,3.921276402812879,6,6,1
3,3.7892387358150184,0.24173882600614033,1.5761885399533921,7,5,1
4,5.1013836532149135,0.29672768582873965,1.7726496517459993,8,6,1
3,5.114582948018516,0.4079985457659432,1.8244910114306918,6,5,1
3,4.087078990185871,0.697539772866198,2.9914926423273194,7,5,1
3,3.763020231748249,0.36001765025331034,1.9392155440820606,8,7,0
1,5.824599244800828,0.9531422677500107,3.082587109118344,6,4,0
3,3.8792732757341213,0.5035822757717692,1.721873679289108,5,5,0
1,4.756229182870714,0.34893368427448695,2.3200099805275785,5,3,0
3,4.973897506596748,0.13967979208097694,1.9890632210374801,6,6,1
3,5.854324724340028,1.128278669751608,2.1785320851201715,7,6,0
4,5.623073214593533,0.22386318672843109,2.811419567283803,8,6,0
3,5.552517256674831,0.4857273645632757,3.4125563987974923,6,6,1
3,2.63428697112345,1.9759144942264264,2.305100732674938,3,3,0
3,4.766883595397047,1.0878578938604997,3.7406315512291757,6,6,1
4,5.738936163628645,2.9514526264543397,4.048591950619777,5,5,0
4,5.070346441173802,1.0275350840348265,2.3814500484882095,8,6,0
4,3.122346320484894,0.34274323765183456,1.953907170634817,6,6,0
4,3.907593630609973,0.5862692150298887,1.9512168001670276,7,6,1
5,4.911832200244433,0.3258601726707347,1.7470310513517588,8,4,0
1,4.590847169710578,0.9807587445247926,2.577532164040067,7,4,0
3,4.643773289452386,1.2082946570953617,2.786183377078658,8,6,0
1,5.665788606949522,0.15711880884186336,3.5680918623732403,4,3,0
8,5.720561519757796,0.23711505792071513,3.0444377072228384,8,5,0
4,5.775435062230068,0.47588456387441136,2.9071251659453465,7,3,0
3,5.476937330377607,1.2740925357490562,2.6052203822183144,8,6,1
4,5.431166274902425,0.8619122472783384,2.8432578250787586,7,7,0
3,5.64101010285952,3.0646026248406995,4.014846596357566,6,6,1
4,5.4707849797491095,2.815206904187077,4.120876017453243,7,7,0
4,4.878910112485878,1.133245095974291,3.2430058425196133,4,4,0
1,5.473915263180228,2.8011860971862332,4.137550680183231,3,3,0
1,4.222004065510298,0.3576203414365797,2.2898122034734385,3,3,0
3,4.362215396189576,1.3818037268634527,3.320826226401584,4,4,0
4,4.699112788017671,0.3633474746852232,2.1756671197842463,7,6,1
1,2.1275805197741753,2.1275805197741753,2.1275805197741753,2,2,0
3,5.705108702052903,0.9275089850846495,3.583935797147181,7,5,1
3,4.4745342500955765,0.8324931588356017,2.615529008253288,5,5,0
3,5.366857463738026,1.149847349363322,3.3560886432983197,6,6,1
3,5.461662668789833,0.38712169943166663,2.278318337614762,8,6,1
1,5.936814687296031,5.936814687296031,5.936814687296031,2,2,0
2,4.999658931927693,1.0905090359722662,3.6306735141045885,4,2,0
4,3.9585572813884715,0.17069013264925212,1.4109782553473635,8,7,1
1,5.324214298199929,2.5254713317681254,3.9248428149840273,3,2,0
3,5.890353779659838,3.639216156405883,4.6445600831494245,7,6,1
4,3.879492533033357,1.4713103165490795,3.0858204888170384,7,6,0
3,4.567749887234865,0.45354579770250125,2.5875265500713165,6,6,0
2,4.379319694106606,1.5045774120696926,2.941948553088149,3,3,0
4,5.09691558870637,0.23979066052406353,2.6233119763738673,6,6,0
2,5.449129140483596,4.02353551262185,4.7363323265527235,3,3,0
3,3.815716825691251,0.4812395940140911,2.1201410552313655,5,5,1
1,3.3381978921905393,1.1246873654165923,2.231442628803566,3,2,0
1,5.8095822829757795,1.2882659279106454,3.8083522919759765,8,5,0
4,5.727169385418264,1.0196829612229945,3.2748795362927923,5,4,0
3,4.317693888162262,1.2547229186659625,2.5239498688465676,8,7,1
1,4.409174987521303,2.3081211030451723,3.3586480452832377,3,2,0
1,5.955587568413162,0.834417300451349,3.3618768315594076,5,3,0
4,3.846380494997557,0.4404572430278906,2.306881310520174,6,6,1
2,5.536664427797837,2.232344300468422,3.8845043641331296,3,3,0
1,5.5096088332507875,2.4462348369196927,4.246790838984247,7,5,0
3,4.903945327863168,0.744717023174937,3.123949506621622,6,5,1
3,4.424949191828091,0.10931360774887278,2.735591159643056,7,6,1
3,3.445843591576708,0.7504056748665765,2.557962709541327,5,5,0
3,5.423412404526261,1.6301763072564301,3.3409511060058334,5,5,0
1,4.069547094308944,0.4602331546684828,2.3398921895935576,6,5,0
3,5.922691370369058,2.0884768125846396,3.912318240741737,8,6,1
4,5.854299858216736,0.11819951158630544,3.9568847751225134,6,5,0
4,5.918470292274893,1.2088161171858138,3.2253986193275606,8,8,0
3,3.714294838043796,0.5800784644124682,2.611991155892919,6,6,1
3,5.269780639366555,4.300457643305156,4.883272554245359,5,5,0
4,5.924595689484746,2.8541379674636707,4.356180256728395,7,6,0
4,5.713872889394419,3.8379343247409534,4.534635268482678,7,6,0
3,5.800863182926416,1.4768679240267717,3.155904728539841,8,6,1
3,5.72900485130512,0.10990309963906995,3.0276493502361723,7,5,0
3,5.128935948890122,0.15421227943843815,2.3993958684363643,5,4,0
3,4.111887440749472,0.9698096122491798,2.284571574127703,4,4,0
1,5.613154154132828,0.4469942710454945,3.562310927219173,7,4,0
1,4.391633231279748,1.8647004858247804,3.128166858552264,3,3,0
4,5.546076339118509,0.5237570033541481,3.2989056532817913,7,6,1
1,5.113877351686321,5.113877351686321,5.113877351686321,2,2,0
3,5.393586712736301,1.3376214346811557,3.4460886336571512,6,5,1
1,4.734445588529532,0.7014922656273471,2.7179689270784393,3,3,0
3,5.847536683796845,0.6666816182281426,2.5580174301308505,4,4,0
1,3.935577048339444,3.935577048339444,3.935577048339444,2,2,0
3,5.731876646113942,1.5210469844952543,3.6692849467065107,6,5,0
3,4.045874038040808,0.235857891756429,1.9618662313149369,7,6,1
3,5.462395087533011,0.4746399768533709,2.8019368463991383,8,7,1
6,4.7613993856685894,0.8321270387299243,3.4487390713416994,8,4,0
3,5.864908283031344,0.5992009347794783,2.8654540693103527,8,6,1
3,5.981103255432032,0.9251447737568737,3.4639608022340496,6,6,1
3,5.150902517978132,0.31673029966380106,2.2305415531194535,8,5,1
4,3.9336367482810735,1.637979209069279,2.9719075865755893,4,4,0
3,5.972619687284582,0.5162924715463245,3.6769333713507484,6,6,0
2,3.6691736844767195,2.576150188202039,3.1226619363393793,3,3,0
3,5.787704436937591,1.560236346404218,3.01389322045928,4,4,0
3,5.226246686345148,1.4320162655004567,2.5357685964432384,6,4,0
1,2.333930873241416,2.333930873241416,2.333930873241416,2,2,0
0,3.2062064729417243,3.2062064729417243,3.2062064729417243,2,2,0
4,5.684410803288595,1.1074097579432924,3.5534623965628036,8,6,1
1,5.918853025798561,1.1803167022009493,3.6736498041888064,8,5,0
1,3.4943685169423224,0.5524899535382004,1.3629131482250227,6,5,0
4,5.474229793289637,2.4922815649361274,4.183627234237645,8,7,0
1,5.791419564145362,3.683503923915677,4.73746174403052,3,3,0
1,5.821397581458671,2.093955716437597,4.5516087947197414,7,4,0
4,4.4543517606254,1.357089073309171,3.0892027690000585,4,2,0
2,5.6189448701742,5.36571405861316,5.492329464393681,3,3,0
3,5.352158032077239,0.13041102560876267,1.881941933269094,8,5,1
3,4.88810873918192,1.1748740379878995,2.403759602897958,7,6,0
3,5.313099966466672,0.13428029059988797,2.7955747073426767,7,6,1
3,5.899279346080256,0.8008746056591148,4.19565054914012,7,6,1
4,4.996030984957753,0.1805288361577033,2.496174840880413,8,7,0
3,3.7439176455119605,0.5874278917112152,2.1818199601354555,5,5,0
3,5.966116656628541,1.2706335089800334,3.874475800917405,8,6,1
2,2.467570644813492,0.8107210165302845,1.438111164044034,6,3,0
3,5.882733612995022,0.46196336901333757,2.91643076754865,8,5,1
1,1.6885519262038118,1.6885519262038118,1.6885519262038118,2,2,0
4,5.381126780663301,0.10316197579779242,2.2188744461273133,4,3,0
4,5.185648193723095,0.18060334197784142,2.226900248174641,8,7,1
5,5.334443418886933,0.8100906486967928,2.5334585867786203,7,5,0
4,5.450207600787592,1.231069692726836,3.671522128214973,7,6,1
1,5.7194209528925235,3.190200296006059,4.558614589762569,4,3,0
1,5.739237238022917,1.808972502262345,3.774104870142631,3,3,0
3,3.6825884379581786,0.12124322387589516,2.57336407153825,8,6,1
2,3.0725248118918294,3.0725248118918294,3.0725248118918294,2,2,0
1,5.658071404049207,0.40396783717153484,2.9686705216871068,7,4,0
3,5.913041577025162,0.1614083302110249,2.833606229378485,8,7,1
3,4.919397474891624,1.0182847152034182,3.137838782763328,8,7,1
3,5.6657948486799885,1.1390522577931992,3.5024049911185315,7,6,1
1,2.7846425426294896,2.6157306808754623,2.7001866117524758,3,3,0
3,3.6594317472607396,0.22222390137023856,2.0703729714035006,4,4,0
3,3.4208222833655975,1.0116286094372886,2.071728240546871,8,5,1
1,0.225126639508135,0.225126639508135,0.225126639508135,2,2,0
2,1.43738333225324,0.1071414819492774,0.9893233369874189,4,4,0
3,5.743152280446212,0.5501106547758794,2.296089602294486,7,6,1
0,0.9915075164332976,0.9915075164332976,0.9915075164332976,2,2,0
3,4.923619015465175,0.9862982106908674,2.95651410539271,5,5,0
4,5.969152927789546,0.6336374089569977,2.9420003938283052,7,6,1
1,3.34110163921791,2.3607927446819232,2.9935010335153396,4,2,0
4,5.118511144825908,0.749922246869702,2.2034831644289694,8,7,0
3,5.833735648504766,0.9504274295865651,3.9729016976474654,4,4,0
3,4.9008964274623965,0.5546852497281015,1.984914263977667,8,6,1
6,5.298827139217259,0.28950273293721795,2.885366978556062,7,6,0
3,5.869765073890469,1.0251237593873055,3.79966714894009,7,6,0
2,2.4145166559800004,0.4303812495734377,1.422448952776719,3,3,0
1,4.694903835616966,0.7159603637387647,1.8616771857909113,8,5,0
3,5.920314442830769,0.3647597754453269,2.172351135629243,8,6,1
1,5.885195598037764,5.885195598037764,5.885195598037764,2,2,0
4,5.845719383389873,0.6745410319773651,3.0732343726145106,7,6,1
4,5.7216279390374565,0.5646418714724691,2.5670963919483123,8,7,1
3,5.355011592844863,2.2258664986377767,3.7379985652943337,7,6,0
3,5.816787999157309,0.6142893354861613,3.6421095180549945,8,6,1
3,4.292864688146479,0.5021548550776554,2.303229174957051,7,6,1
4,5.832915807929093,1.7910879005904599,3.07250265848501,6,6,1
3,5.265665094169706,1.54441903329266,3.5314900071209405,8,6,1
3,3.890658447572462,0.5305741944611263,2.2278989453817273,8,7,0
3,4.575836718333225,0.23536214471314493,1.9501067433969486,7,6,1
0,1.7160413733862638,0.5820837576701273,1.1490625655281956,3,2,0
3,5.419686249109747,0.6454034341889902,3.1329545590195114,7,6,1
4,4.210471506245624,1.0480660438312588,3.140879153457195,4,3,0
1,5.91957088752592,2.0100221910921583,4.523170175178219,4,4,0
4,5.822859135838429,0.12169365831172285,2.5238155759342233,7,4,0
4,4.668867933601112,1.22783811340699,2.939131795230555,8,7,0
3,4.225971161908439,2.1780462025575087,3.1288527212197623,6,5,0
4,3.6098616798198004,1.1436814476642465,2.606906207912675,6,6,0
2,5.570650564982958,0.6882422271206854,3.2579379663299393,8,5,0
3,5.457162054929629,2.1686207310030983,3.9800368455597734,7,6,1
1,5.463448399647208,0.1245295883052402,1.533903602982929,5,3,0
5,5.8435929060655685,1.2366963798998345,3.690699002762923,8,5,0
3,4.2891466858008105,0.7983990961723196,2.2187325804384845,7,7,0
4,5.531506924608046,0.2641281720011519,2.96096436709107,8,7,0
2,5.39766451946166,1.5143591169259252,3.005707005896653,5,4,0
2,5.6163577709215895,1.7222924671283653,3.669325119024977,3,3,0
4,5.046063711695652,0.6473851319890497,2.6694920103935496,6,6,0
2,5.349309771881633,1.3407462399846672,3.276365904469827,5,4,0
1,5.143372668218298,0.7915221233509749,3.437771395165024,5,3,0
4,3.676053567784845,0.8174023042454348,2.5070916055007877,6,6,1
4,4.180450165607808,0.2740359487569659,1.3622310966948445,6,5,0
3,4.277693087263651,2.855558113728816,3.693201976733837,4,4,0
4,5.7750406646555135,0.7070781465137354,3.6589070301880824,7,6,1
3,3.6183457255942204,1.702876150710612,2.538330525019191,6,6,1
1,2.6329465566452783,2.6329465566452783,2.6329465566452783,2,2,0
3,5.752774892129042,1.5930755984971563,3.760482192180388,6,5,0
3,4.766288597113623,1.16143499220415,2.643847481667048,4,4,0
3,4.6991358656829005,0.8215912703933913,2.6051054712828017,4,3,0
1,5.402589446102287,2.374986211011738,3.730418366533366,4,4,0
3,5.682999260066634,3.4096563327348672,4.47287425681687,4,4,0
3,3.0142121489498073,0.37607187958458266,1.5128980054803474,7,6,1
3,4.9961162845405065,0.1960065231455804,2.4190326066342824,8,7,1
5,4.670219266025204,0.37772934973710914,2.1580262230040703,5,3,0
4,5.961888191140207,0.9185330981038549,3.6908986536049255,6,5,0
5,5.938433675685181,0.753741222494989,3.981340155438119,7,6,0
2,4.770604199123864,2.339383138660201,3.7773699457226777,4,4,0
1,5.185179905393785,0.8451033710245995,3.015141638209192,3,3,0
5,4.658599446059026,0.6416163001693109,2.9336215722880183,8,6,0
4,5.16490712202205,1.3311026022029886,3.3033080610497425,7,7,1
2,5.508513740044075,2.3748969178861503,3.60339483571832,5,4,0
2,1.7392467632610684,1.0687583174479705,1.4040025403545195,3,3,0
4,5.375178520522983,1.519318522497034,3.79671680099527,4,4,0
2,4.005124473066806,2.7705814046900366,3.387852938878421,3,3,0
3,5.575317757526571,0.3898929650103171,2.3695992446700913,6,6,1
1,3.6839439936901313,1.7279616290660218,2.7059528113780766,3,3,0
3,5.380844918717138,0.7796086461358727,2.8805233589993593,6,4,0
3,4.962005077222088,1.3973409565549622,2.9257900136636246,4,3,0
3,4.429905397581536,0.6560311436054483,3.060141564454653,6,5,1
3,5.848788039062991,0.22287840133412753,3.605082805647219,6,5,1
1,2.981013311833064,1.5603115326773573,2.270662422255211,3,3,0
3,4.842966445859522,0.689955536254893,3.056467386186969,6,5,1
4,2.2493070580559187,0.18001021730692618,1.5366043020463043,4,3,0
5,5.873960881835831,0.22229093963363916,3.4284317243103986,7,6,0
3,5.531818808864094,0.7367967843724269,2.904554369280229,7,5,1
4,5.964267878456846,1.925007454487523,3.2145915875346986,5,4,0
3,5.570674880181309,0.1491757850622339,2.4570488330586846,7,6,0
4,4.9702765457266755,0.4812373050952843,2.180002448536947,8,7,1
4,5.975894110836189,0.5762358361164622,2.5487125813631053,8,7,0
6,5.26800119133764,0.9211405175298076,3.004728505926239,8,4,0
4,5.570000027917929,1.181895817951851,2.85674454213866,5,4,0
4,5.484093920123307,0.2558905098527765,2.894253251457673,7,6,1
3,5.261974148126311,0.13512179129247404,3.2181517865214806,8,6,1
0,1.6940315842358489,1.6940315842358489,1.6940315842358489,2,2,0
3,5.806942925023268,0.9047762261249651,3.8156425099280966,7,4,1
3,4.853139381566907,1.284129257327186,3.305628593504151,4,4,0
0,3.662364907498691,3.662364907498691,3.662364907498691,2,2,0
3,5.563662211736197,0.24547266522859074,2.472564010431762,8,6,1
3,4.929445593007885,1.1075754017974322,3.2658908773795865,8,6,1
1,4.216150950783086,0.7332814509971869,2.5289090017421656,5,4,0
1,3.428833596390735,3.428833596390735,3.428833596390735,2,2,0
3,5.892346745983181,1.73373383100188,3.9990688250044846,8,6,1
1,5.50534413868204,1.7422068516259601,3.2316803157613614,6,5,0
3,4.996328981833649,0.2741788806541555,2.9774516009283962,8,6,0
1,5.6119800627827745,2.910836738419461,4.261408400601118,3,2,0
4,5.096130931560816,0.5300019972400203,3.3505844012277493,8,5,0
1,5.934338096981012,3.4853000036117625,4.709819050296387,3,3,0
3,2.681337638983199,1.7879270622911272,2.2346323506371633,3,3,0
3,4.045083673802138,3.534436884098008,3.7971009902001938,4,4,0
3,5.474832151061838,1.1932957017863624,3.5983198261431015,6,5,1
4,3.289174335095486,0.40372615194908146,1.8576723615776212,5,5,0
2,5.541412641749353,5.541412641749353,5.541412641749353,2,2,0
4,5.5976733945783925,0.5411850247763128,3.378830532022702,7,7,1
3,4.611941899734829,0.9218029059840478,2.2682407210231785,6,4,0
3,5.0265203916794645,3.011975173877032,4.003532692229749,6,5,1
3,5.336359937886961,0.7139611766490376,2.841311909989513,6,5,1
5,5.831647328613365,0.2265152468856763,3.2655871285502993,5,5,0
1,3.25169658055916,3.25169658055916,3.25169658055916,2,2,0
4,2.384036260973818,0.8389006222437322,1.8495269888539116,4,4,0
3,5.896953885487859,0.4417427890390472,2.3325301243557335,7,6,0
3,3.965732816260351,0.3579446260135076,1.5132701851841435,8,5,0
2,3.979738640204225,0.5506294360471753,2.8347502496126697,4,4,0
3,5.412509727656243,0.41858545128367197,3.0008524480326897,7,6,1
3,5.064409574553642,0.8242134943388465,3.349993110012064,8,6,1
2,3.934457709705328,3.934457709705328,3.934457709705328,2,2,0
2,4.980355218008676,0.5985104393388945,2.4213787989494766,5,4,0
4,3.9963744945851984,0.28470598679140247,2.5464365915074603,7,6,0
4,4.992512784652636,2.1115718713562117,3.3580215048089705,6,6,0
3,5.55550071973755,0.18958214041688065,2.4218378566163925,7,6,1
3,4.880531032027506,0.8334078357419475,3.4389477507029507,8,6,0
1,5.798724407825391,0.44565053224164863,3.1288783617219513,6,4,0
1,3.3535424370524027,3.3535424370524027,3.3535424370524027,2,2,0
3,5.240311176671839,1.129522377004627,2.603868392188392,4,3,0
3,5.952629708710484,0.1950972259230022,4.4574492246419535,8,6,1
4,5.26753351591675,0.9441689449973263,3.366278640508901,4,4,0
4,5.6606293487821295,0.2838286917347135,2.3488821197211087,8,6,1
6,5.987143024283284,0.29233721849806626,2.821622874308891,8,5,0
1,4.430312382926588,3.818913813938013,4.124613098432301,3,2,0
3,5.475310177652322,1.2506392108831759,3.0719624037913826,6,5,0
4,5.749890400419667,0.570171422337809,2.9941730706571823,6,6,1
4,5.561729993462069,1.5451691871959328,4.135522586439557,6,5,0
1,5.409247562747468,0.19152228447756559,3.872536887368228,6,3,0
3,5.229806889601398,0.24119563602860813,2.540727984972207,7,6,1
3,4.211879324063291,1.5244659528188607,2.4136315921018707,5,5,0
1,4.076051837440491,0.1459240965691531,2.1040460931689116,8,4,0
5,5.575457061957331,0.38489888853114007,2.8658097619133884,7,6,0
1,1.7802666446342765,0.6868525568346611,1.2455691773365445,5,3,0
1,5.048860975364739,0.2613657357581708,2.796075757566509,5,4,0
3,5.692490661664862,1.7628413830448322,3.2452071138348706,4,4,0
4,5.523183654874491,0.8076494792252018,4.043221284113841,5,4,0
3,5.3644078035347675,0.3263053786525725,2.6336602688241153,8,6,1
3,5.245477448885574,1.2545019884794033,2.8646604231041484,5,5,0
3,3.8451590744226967,0.6233990796648953,2.1230843190221416,5,3,0
1,5.730577806848134,1.4848231424578748,3.357410185345186,7,4,0
4,4.800802442559318,2.207054442958076,3.140632071719987,4,3,0
4,5.781221812198174,2.57560475855497,4.218720269926686,6,6,1
1,2.8419420007039724,1.981545131635784,2.411743566169878,3,3,0
4,5.120831260224317,1.3691264238199785,2.6846656449369655,7,7,1
7,5.482975507694012,1.6830716786122457,3.4194871087159293,7,4,0
1,5.482148530937237,0.6324909933250976,3.801696393804813,5,4,0
3,5.648095639099752,0.21816740226163422,2.8114072830544155,8,6,1
1,0.2430417378025568,0.2430417378025568,0.2430417378025568,2,2,0
3,4.896675467684242,2.3293547441521896,3.230153578187238,4,4,0
3,5.5219499312035785,0.6637843790773524,3.5638668913938063,8,5,0
1,4.2469888295673055,1.411292447929303,2.4857679102672967,8,5,0
3,4.650114173214746,0.2468620400455357,2.4667035864847953,7,6,1
1,5.6583503469071355,1.325322730857756,3.4642990248674645,4,3,0
3,4.627710025840734,0.9886106499687379,2.205130543451939,7,6,0
4,4.788705165561204,1.946795437938751,3.200033795693906,6,6,0
3,2.611641951841174,0.5572762192528523,1.3399616080219225,4,4,0
1,4.514077699308979,4.514077699308979,4.514077699308979,2,2,0
3,4.519061255141114,1.8359195742582057,2.7765725865908712,7,6,1
1,5.977500576743017,1.0690054445999329,3.419561194831635,7,3,0
1,3.272615817231701,0.4605359560798056,1.9737164255325004,7,5,0
5,5.221749635147879,1.9039268915870882,3.880209332238812,6,4,0
4,3.5965708494133404,0.7075600691950515,1.8937118628672904,4,4,0
1,3.181675027796407,0.8475541181982936,2.0146145729973504,3,3,0
1,5.822068208515019,0.10145653268466459,1.8735878165233217,7,5,0
4,5.048031612334516,1.5205600642029662,3.3526944112332404,7,6,1
3,5.210216787886279,1.1502732101771511,3.7072124311852463,7,6,0
4,5.9730866742355175,1.2554329038282879,3.7855423926159433,5,4,0
1,5.503261890241399,0.17666756495810293,2.9154700855771263,4,4,0
3,5.983666306618772,3.7890954296114985,5.220933077349879,7,5,1
3,5.376164299313214,0.2701381237524064,2.8681339281810083,7,5,0
1,5.40803225016023,2.0627234275632635,4.2330368272897365,5,4,0
3,4.591629126362514,0.36259973366260645,1.6590519299913167,7,5,0
4,4.208123891114904,1.7152025215871658,2.731831712415352,6,6,0
3,5.798017013956855,1.1953874474261519,4.060456262354443,7,5,1
2,5.665100240377482,5.275470492789394,5.470285366583438,3,3,0
1,1.9616917814500505,0.928513834876833,1.346809809461529,4,3,0
3,1.8401008354886557,1.1449613159726668,1.4925310757306613,3,2,0
5,5.007209605021777,0.3167134531067623,2.9908487581950283,7,5,0
3,5.814093686433248,1.803265123247631,3.5210142792545636,7,7,1
6,5.539324321450735,1.6389908968325215,3.318809374591989,7,5,0
4,5.4875780560987195,0.1465999822067312,2.876864895105602,8,6,0
1,4.412633666068818,3.6020910352333986,4.070755161644459,4,4,0
4,5.581038263267673,0.33676091378567685,2.8329230725371692,5,4,0
1,5.728493447655284,2.4644257515605443,4.096459599607914,3,3,0
2,5.83732373901554,1.2709266447560033,3.5541251918857717,3,3,0
3,5.8249182547133564,1.9247138826392163,4.122662832701866,4,4,0
5,5.309432967865495,0.5742140955411086,1.818600317555832,8,6,0
3,3.343991518408358,0.6894894963333311,2.264763297410657,8,7,1
3,5.398325612923861,2.605095394864226,4.40232407682032,6,6,0
4,5.496057404249093,2.105120610882267,3.854621697220557,8,6,0
2,2.6688637066469867,1.3462708300458914,2.007567268346439,3,3,0
2,4.945522584288173,1.7812883327561855,3.0363408199335153,4,2,0
3,5.021971720665248,0.587578782760296,3.144599782079719,5,5,0
2,4.1491620315811275,0.16837308830188435,3.0021381868683474,7,6,0
3,4.834268531638712,2.2996693611735166,3.289182441519953,6,5,1
2,5.886333596721173,2.3624837572489255,3.828638654496625,4,4,0
3,5.246010643127838,2.665839452940279,3.52350191983833,6,6,0
4,4.624319131173932,0.23882903979879713,2.6467921522678255,6,5,1
1,3.615095543555404,0.3160128692871651,2.0462836191347518,4,3,0
1,5.026015624406719,1.5401941546855364,3.8856646938775476,7,3,0
2,5.863375662792326,0.9658276386200305,3.999081597581321,5,3,0
4,5.707117395892184,0.23206250358513736,3.5015267945564434,8,6,1
3,5.619321768566811,0.36987886776978596,2.499914601261042,8,7,1
3,4.762523504777222,0.6731714144781957,2.5428922872463358,7,6,1
4,5.5862489051385005,0.1741466255740019,2.9348696374751864,7,6,0
1,4.216579649620347,1.3427606280164284,3.2099857972181307,4,4,0
4,4.5300593648887775,1.8937931084763697,3.2971826494052934,7,7,0
1,4.613146930471876,2.5508186696125,3.581982800042188,3,3,0
1,5.907857985297725,1.3847403479163494,4.103959425041646,8,4,0
1,4.974216773769609,2.837092257954718,3.610274998618179,4,3,0
4,4.601315935237159,0.6801062148942436,3.381530687544019,6,6,0
4,3.757529739065702,0.9175750463997256,2.808824330543065,4,4,0
3,5.715891876703098,0.23404514106732374,3.714385461634946,7,6,0
4,4.305475883455392,0.4823956577273413,1.967007324807647,6,5,0
3,5.839551195668404,0.755828050090023,3.3609271588183147,7,6,0
3,5.93633200266665,3.2703145348563316,4.6556581122146445,8,5,0
3,4.328085284468534,2.2439022791134837,3.405751410009687,5,4,0
1,4.546109354276578,0.7595240269583897,2.2346319630109224,5,4,0
3,4.192924737460988,1.6605954548198105,2.633557244882141,4,3,0
4,2.7572193334058963,0.3108933932468604,1.6930032495027993,6,6,0
3,3.8568977478497954,0.26522775829153467,1.8556662194969742,6,5,0
5,5.8371795455430435,2.914148579157248,4.324834950171811,6,5,0
3,5.2059112605742035,1.0978131744087885,2.720071500281427,6,6,1
4,4.473421536926937,0.49646659047673636,2.3953868184233733,8,7,1
3,5.878327193065825,1.146840980927448,2.956340675383482,8,6,1
4,5.301680179017293,0.4013885183726559,2.571998852222785,7,6,0
3,5.439434162214331,0.15665461146913395,2.8601490094599042,7,6,1
1,5.71347061475478,1.569229812269952,3.250510122982075,7,4,0
4,5.185976357123778,0.6579510603788674,3.113518381453622,7,7,0
4,5.572553835780973,1.3407223654460136,3.1962104766716712,8,6,1
3,5.888811007851911,1.0270826810711577,4.17823393089678,7,4,0
1,5.81521172085291,2.186310554371603,3.2392715942125485,8,4,0
3,5.012055239107486,0.23970608859427373,2.7169666680881086,5,5,0
4,5.1527803094415505,0.7303239989215041,2.3594918341688373,5,5,0
4,3.2735847009699652,0.43107594306624775,1.7897390877021886,7,7,0
3,3.998075639741442,2.034268467717809,3.1403585617951335,7,6,1
4,4.508911870561933,1.367395617711739,2.3104222815515363,6,6,0
2,4.511136652550245,0.23651601767236455,2.373826335111305,3,2,0
3,5.974361337641594,0.45568950836803734,3.852839843544969,7,5,1
5,5.847942467733582,3.4353101539883517,4.4529376422495295,6,5,0
4,5.696171778076464,1.1718755507637202,3.7186862239207783,7,7,1
1,5.559603628459627,1.2819561574054816,3.7971639945369717,6,5,0
3,5.732497510378618,0.2547244939743729,3.411274751450246,8,6,1
4,5.946921399976014,1.0634045653289064,3.5030457301223796,5,5,0
1,5.488370943903854,0.6478257225344949,2.8868116678232836,8,4,0
3,5.912397411731383,0.7607549166298755,2.758008838027559,7,6,0
4,5.998268728235082,1.8740971815080723,4.39188072126661,7,6,1
3,5.099747369208104,0.1547162887073678,1.8092880333528305,7,5,1
3,5.795271112718768,1.1715266842685732,4.539327387492755,7,6,1
0,3.0355768099729246,3.0355768099729246,3.0355768099729246,2,2,0
3,4.436209953166293,0.9516107938446394,2.630993721657537,4,4,0
1,5.815509366293008,2.548953375601981,3.8604237573137192,6,4,0
4,5.745741592498843,0.668749911479354,3.6565850875870214,7,6,1
3,4.407178612726026,1.578957145581378,3.094450022374126,7,5,1
3,5.879230651816856,0.18449821057491958,4.001507512835547,7,6,0
1,4.495266533254837,1.6505473697236823,3.1195935232125307,7,5,0
3,4.861232144718092,2.9753953766438808,3.725047387162198,4,3,0
5,5.792045944225645,0.7557081014636057,2.5868203755141335,7,5,0
3,5.832910618021115,2.7701324609918014,4.682393484358925,6,5,1
3,4.701632389392331,1.2721950115794887,3.3865260140692985,7,5,1
1,5.817963629949873,0.3885818746569367,2.805854567425769,7,4,0
1,4.427416893969416,0.49420733786680626,2.464447161317873,5,4,0
3,5.783808328951862,0.5161366651594625,3.1147738977918444,7,6,1
4,4.6527823791535186,1.469868926677752,3.3291718229871665,7,6,0
3,5.044066930246269,1.0938904566305103,2.8313397924557853,6,5,1
3,5.7831420723469265,2.5878772954214355,4.532692507251175,8,6,0
4,5.900211004944903,2.5759076188145063,4.5034221609976,4,3,0
3,5.984084974284763,1.4061900011256203,2.9293625096519325,5,5,0
3,5.681103572553972,0.24245209708866092,2.391695027281904,7,5,1
4,5.7969727036903524,1.732131609554896,3.6080062503459147,5,4,0
4,4.707712528193516,0.624329784283066,3.0851600924416225,7,6,1
4,5.493610750581696,0.6335516599771768,2.8743158250512404,4,4,0
3,5.15025838966397,1.0393824961775477,2.692919771243019,7,7,1
3,5.462098923967061,3.4068632151752842,4.41631388091828,5,5,0
3,5.740842255533233,0.7113935566362434,3.7863642485959423,8,6,1
3,5.2633021193177445,0.25551921663811966,2.5390343421914765,7,6,1
4,5.893305532242481,3.800805141741004,4.94827114640953,7,6,1
4,4.189874464970138,0.5545386459882362,2.5075999800612334,5,5,0
1,5.723667666130906,0.4138885864273405,2.8848749622801066,8,5,0
3,5.7329320679703795,0.4762833172369101,2.8509288390425436,7,7,1
3,5.682979941384031,2.050146148146165,3.970095577206305,7,7,0
2,5.8282422817990716,5.190131024569083,5.509186653184077,3,3,0
3,4.577043918062613,1.1581108132814057,2.738018059945088,5,5,0
1,2.0575616644749326,0.6555524258484547,1.3565570451616937,3,3,0
1,2.639129251140958,1.1467246083382623,1.8271975034901518,5,2,0
4,5.287877445491706,0.6547645404250686,2.5821660923272978,5,3,0
3,5.7852385618706,0.12750005370730128,2.947423085469564,8,6,1
4,5.85706879896643,0.672098110209203,2.546297262522426,8,6,0
3,5.411360552820245,1.1644588826717983,2.930728429930629,8,5,1
2,5.63312774809104,2.394190482243669,4.234795241432317,5,4,0
4,5.766283681420642,0.34538328807127666,2.9652535098002857,6,6,0
5,4.6047834081086885,0.8993064451414114,2.926730286058232,7,4,0
1,5.954495415385989,1.90479573559706,4.098449895202371,7,3,0
1,1.912007000769272,1.912007000769272,1.912007000769272,2,2,0
3,5.788703960722727,0.37852453890392423,2.842753488867618,8,6,1
3,5.704789376971585,0.5304845408559142,2.7437818648507597,8,6,1
3,5.5534421929240665,0.12795882922362653,3.0250373263677433,5,4,0
5,5.303474260425932,0.9358495744514066,3.2990169931648596,8,5,0
1,4.2064104216251295,1.4155500897474116,3.1021886105377603,7,5,0
3,5.666668434936913,1.6133450644938014,3.783558633914243,7,6,1
4,5.973794933487486,0.7451289784707061,3.221859121151872,8,7,1
3,5.608331989283515,0.34220625021288437,2.7922289386157924,7,6,1
3,5.686245607746042,0.43292614228084636,3.34132080006286,6,6,1
1,5.788641574036821,0.4346074518342181,2.9389255092939806,6,4,0
4,5.418965712281885,0.12018362373112718,1.852749760601008,8,7,1
3,5.882773516543709,1.502247385151676,3.546921067320848,7,6,1
4,5.781934162285053,1.7924947124633932,3.594766929354417,5,5,0
1,4.293046373060715,2.8135992103903855,3.467162295274374,4,4,0
3,4.427350817387101,2.2450055449681567,2.822074717837355,7,7,1
3,4.304280182173057,1.5514419859652213,3.103067689773701,4,4,0
7,5.738823774233521,2.4176944086987953,3.9676441549810404,8,7,0
3,5.664875753325105,0.2406288362623802,3.1000246286427178,6,6,1
2,5.221377584762481,1.267077521898085,3.3185305417892814,6,4,0
1,4.743077312302726,0.6059253448743356,2.674501328588531,3,3,0
3,5.7519438449797775,0.48953619704653584,3.284061854349413,6,6,0
3,4.251258979244427,0.6988469849063599,2.253192717722771,4,3,0
2,5.4703657943599255,2.517111356063593,3.8879422573929894,6,4,0
3,5.927861006751023,2.2380669533651982,3.754378888532267,7,6,1
3,5.928110262763217,0.5064509514398073,3.1652556097355613,5,4,0
4,5.903068409979151,1.824861831943007,3.742995560730295,7,7,1
4,5.894014720399278,0.23832162535707194,3.3352661285712815,6,6,0
3,5.977308196234725,1.7097356403245476,3.944792103623462,6,6,0
4,5.663146908155163,2.118559256798079,3.495017486735873,7,6,0
1,4.856737259001835,0.5390462997923238,2.0424587497477145,4,4,0
1,5.462577416323259,2.1126953671421225,4.006881193911479,4,3,0
2,5.713212334665335,0.12266269739359047,2.139116630467768,7,6,0
6,5.928784515129568,1.1977827926601592,2.9800588513779913,8,6,0
1,5.106836196007521,1.210371242490288,3.0906632045580844,8,5,0
5,4.9643645661628115,3.2302499856144196,4.149324487243045,5,4,0
3,5.7598469919613375,1.982477480617486,3.9136547540262554,7,5,1
4,4.495319191535426,1.1062623430187024,2.9088902202487223,6,6,0
1,5.702841220382086,2.3748285820754114,4.445968359282166,5,3,0
5,5.681653310247262,0.1966972560332763,2.0144653148460536,8,4,0
4,4.370002305842247,1.4436618158272039,2.8595177760589707,5,4,0
4,5.745454618463257,0.9347189917221607,2.9876767616736615,8,5,0
3,4.162235549078699,0.855987743142608,2.7155216162944096,7,6,0
4,5.673002825860556,1.5520481283649081,4.456168921032076,6,5,0
3,5.796296010902623,3.476422266138349,4.860007445712651,7,6,1
1,5.753809199438827,0.5797152438945308,3.6683568643737225,6,5,0
4,5.91317895839805,3.2642299889053716,4.442110617095243,8,7,1
3,4.2338119523946975,1.5645361711471149,2.875965235933948,6,5,1
3,3.8995308503359887,0.270045285259532,2.1755819621672545,6,5,1
3,4.267150716324155,0.7356947453895772,2.0467813920274796,7,7,1
3,5.219652418245184,1.960085514989835,3.4333876559110466,6,4,1
3,5.032832601570605,0.30375053955140496,2.5139774307260905,6,6,0
2,5.56899753138854,0.70329398277704,2.5146917183884248,6,5,0
2,2.095132490834865,2.095132490834865,2.095132490834865,2,1,0
4,3.8867303778186386,1.0144056523872562,2.769848659507044,6,5,1
3,5.073069767758234,0.40965029890183413,2.8415403854953065,6,5,1
6,4.61666638559753,0.21360881485385375,2.825755827240519,8,5,0
3,5.4996839106329585,1.0686571564031448,3.1989063682144945,8,6,0
6,3.6849492245319597,1.0431935982812333,1.959437533662306,7,5,0
1,0.2700231211536101,0.2700231211536101,0.2700231211536101,2,2,0
3,5.605192890450228,0.7297047859623955,2.9232770833864743,6,6,0
3,5.352218438072834,0.17292598245217572,2.5142696464337404,8,6,0
7,5.922009078677322,1.0750180075528604,3.428497725292542,8,5,0
4,5.828547169243375,1.751874216371577,3.4397829497320744,8,7,1
4,5.8401519997290325,0.35979889537393417,2.9512607763060665,7,6,1
4,5.244750255417912,0.24403596490868215,2.1696984447945753,5,5,0
3,3.985747923111493,1.0669788226654977,2.7680907201854237,7,6,1
4,4.903942142193629,1.1263801159206746,2.8384424058836712,8,7,1
4,5.320156844050324,1.0692292969634483,3.321888615808864,8,7,1
3,5.94397320641699,2.4384660369328115,4.29681461988033,8,6,0
3,4.5342365438409775,0.7279171059452545,2.2667117191070782,6,5,1
3,5.503477806046749,1.8868598771756036,3.5133448072711158,7,5,1
3,1.1957132897017444,0.2834749202812167,0.7645112885785986,4,4,0
3,5.864379423007044,1.8923409918568346,4.084427400347892,8,7,1
1,5.968366067567735,2.3418070400369335,4.537649735088006,5,4,0
4,4.253836511391318,2.0049477907113737,2.940142342988207,8,7,1
2,4.134560303073126,0.26659091278668656,3.021578643795282,5,5,0
3,5.135974866600352,0.7942445443531699,2.427362055439386,7,6,0
1,2.9688599666159727,0.13358574871042092,1.4590906304595517,4,3,0
4,5.478765655941727,0.6990725515049421,2.9422117262220238,8,7,0
4,4.193491330540932,0.221171870675772,2.51343731100757,7,5,0
3,5.6971059927474235,0.4845345073545977,2.6106721341992047,4,3,0
4,5.449035817194132,0.8139641764927262,3.8428815219006824,4,4,0
3,3.993185604955782,2.9194904706942397,3.4055178842097726,5,5,0
4,4.749713845340728,0.1660423635986854,1.747029871869535,8,7,0
3,5.166287526062375,0.5184193787132432,3.0000210991422454,7,6,1
1,5.591601890360751,0.2632248955694852,3.7062609317421824,8,4,0
3,5.510953519603219,1.8906316424482643,3.2586679935015135,8,6,1
1,5.853837239147865,3.2431607734433245,4.425466685890134,4,3,0
1,5.452584023122096,1.907451030849625,3.5855177685412998,6,3,0
3,4.304464119690492,1.2207996975921835,2.9056502106441484,8,7,0
1,2.4106183920623776,2.312491878488954,2.361555135275666,3,3,0
5,5.904818640792204,0.11927572855818074,3.664860949717187,7,6,0
3,5.891308064188607,1.6676371090178108,3.4122637428932485,6,6,1
4,5.098330801089494,0.4215626540936842,2.327011556913633,8,6,1
3,3.7837241347541997,0.15815097955948848,1.9774653471553856,7,5,0
3,4.597872221449364,0.23542898794181943,2.3733697581784106,5,5,0
4,5.847107464756086,3.4703176175705424,4.4792881110742275,5,5,0
3,4.303307569178827,0.5837831073280734,1.9298308729929405,6,5,1
5,5.302657194230973,2.000272096114034,3.549495412096958,7,6,0
4,4.749612714228311,2.3282191887010018,3.8395061421435805,6,6,0
4,5.767864962989302,2.338719952423649,4.191804570429328,6,6,1
3,5.464209408331015,0.6278193405303197,3.013078545539025,6,5,1
3,3.5544180378731545,1.0327793784022017,2.4727863725290073,6,6,1
3,5.50351451513653,0.6308377576762195,3.574180898460712,4,4,0
1,0.5676066316589549,0.5676066316589549,0.5676066316589549,2,2,0
1,3.1709970198124315,1.451623135923146,2.1870168007735047,4,3,0
3,5.380039825966691,0.4975544077138174,2.6418063363020683,8,7,0
1,5.094568973634517,1.0853074497374322,2.7082184484748195,8,5,0
5,4.813144511660512,0.10338300909470548,2.7122949665479057,8,5,0
1,5.968816084923278,0.5331607247800335,3.3571455023997996,7,3,0
4,3.8668766850758365,0.19464509317178635,1.7943688074548938,6,6,1
4,5.761748325101605,0.8694432433934519,2.9074351005858166,6,5,1
3,4.491592507030961,0.1652314897879017,2.263444396599017,8,6,1
1,1.3902934053613212,1.3902934053613212,1.3902934053613212,2,2,0
3,3.7162636333384866,2.0266135348459353,2.446317801292044,6,5,1
1,4.596441712964098,0.17147692535819076,1.8931304354758414,8,4,0
2,3.3276302311740986,1.6053725022339458,2.4665013667040223,3,2,0
0,5.167159847326724,1.6664953625999672,3.4168276049633457,3,3,0
3,5.417822956329916,2.0265451022057537,3.7643559459941858,7,6,1
3,5.948746120093641,0.4025907651885793,3.4393422735717007,8,6,1
4,5.741443101820009,1.0042237107731748,3.211923592374776,6,5,0
2,2.241658158113104,2.241658158113104,2.241658158113104,2,1,0
3,5.696100587231055,1.5307157178106032,4.2083832262276575,7,5,1
3,5.631804727652986,0.28051353074115887,2.4003953662591773,5,5,0
3,3.571697020998363,2.4913744132043663,3.031535717101365,3,2,0
3,5.612808076466286,0.585630521159964,3.490708314284941,8,5,1
1,5.516693060680244,1.8193958774494843,4.1295709120402675,7,3,0
1,0.5858401673308723,0.10125737895396104,0.3400761631664358,4,4,0
3,5.007633075975985,0.48316086700398986,2.515860663531014,6,5,1
4,5.7150570243773435,1.060558445006324,2.8255354279662632,7,7,0
1,4.249084223179463,1.3422289820016886,2.8043017002772923,4,3,0
1,2.0630964521883595,1.766604040899601,1.9148502465439803,3,3,0
4,5.630873571215224,0.2996331613424049,2.068920513031049,7,7,0
3,4.283936208406009,0.8841291994833129,2.605879305773484,7,6,0
4,3.1254280251498434,0.34795030740568667,1.7427824476716143,7,7,1
1,4.297054786410046,3.826073973836693,4.06156438012337,3,2,0
1,5.962423308818623,2.6661322037972495,4.561192100728127,8,5,0
4,3.799552123948976,0.3626305928711999,2.181959695285482,5,4,0
1,4.946892063696493,0.11327744153934294,1.7122650948836586,8,4,0
3,5.936734787339392,0.7836427900633207,3.0425076921449388,8,6,1
3,4.141995840028322,0.5700936588627955,2.8761543617219787,4,4,0
3,5.445131803423549,0.6758654304895315,2.2088194504671845,6,5,1
4,5.898600271477214,0.11963649039085635,3.5832947320918924,6,5,1
3,5.491891224384439,0.2075425257863665,3.062696428824655,8,5,1
3,5.947569859443694,2.1070665779388453,3.4385379664156503,6,6,1
5,5.958831252853888,0.49471333965070385,3.5577259203278015,8,6,0
4,5.409826137480074,0.20101584588891344,2.4175274196516905,8,7,1
3,5.073832068340975,0.6028290502061671,3.0950290732790275,4,4,0
4,5.640386815899686,0.3297388580894156,2.3550993456002938,7,6,1
5,5.8897305565993765,2.2463329020377905,3.997944524558027,7,4,0
3,5.85037063031479,0.5651492988017521,2.9843877728368144,8,5,1
3,5.2799891857729095,0.648508119446004,2.881478081459181,6,5,1
1,4.876053408761742,0.35089660263371736,2.61347500569773,3,2,0
2,5.64397730761039,1.5606970309008088,3.6640724295257567,5,5,0
0,4.399617062346286,2.874862477098893,3.6372397697225893,3,3,0
1,5.473402792305924,1.7972102484794361,3.0948017447860314,6,4,0
3,5.8691134853378175,0.8563271112891616,2.407670533878048,6,5,0
1,1.574976251235551,1.4620483419973802,1.5185122966164655,3,3,0
1,0.8844762138634721,0.8844762138634721,0.8844762138634721,2,2,0
3,4.996827175525742,0.18118353738486306,1.8066011508894477,5,4,0
4,5.685914441254668,0.9609013320506411,3.2402804963958,7,7,1
3,2.6809598325841666,1.5874564552160995,2.134208143900133,3,2,0
4,4.51511346255698,1.3026552851430004,3.00367750736879,4,4,0
3,4.161742335533366,1.72613187322662,2.9342791326741753,7,5,1
4,5.438358588424114,0.20116006439884074,2.522356874442379,5,4,0
2,4.355331747143872,0.7479639521188076,2.5516478496313395,3,2,0
3,5.3203708762824755,0.21976741456620247,2.455637726546647,6,6,0
5,5.755866950120502,0.10861705942462041,2.71478794227587,8,5,0
1,4.35319652787266,2.606607197835218,3.479901862853939,3,3,0
3,5.767858526477789,2.205636280528684,3.5603676555978474,6,6,1
4,5.749260594087601,0.19694510675521792,1.9601588987550307,8,7,0
1,5.517400385187922,0.6714514890017629,2.578965181039526,5,4,0
2,2.1108042780238856,0.8007966969289623,1.469395694410361,4,4,0
6,5.954316039953495,1.0855226090405314,4.193576459603792,8,6,0
3,5.886158914867923,1.0693366934262685,4.061321744153776,8,6,1
4,4.590446372088808,0.28579631295405095,3.409527361446262,7,6,1
3,5.073155495286824,0.3072640876835212,2.089235058608415,7,6,1
2,4.228156480896006,4.228156480896006,4.228156480896006,2,2,0
3,5.983584191696275,1.0286432272924155,3.8858817059016624,6,6,1
1,4.658092596822542,1.2579909309321293,2.650614727548923,5,3,0
0,4.79995061902444,4.79995061902444,4.79995061902444,2,2,0
3,5.45720743015016,0.8459196755204282,2.9981861444793863,8,6,1
1,4.761165991432936,0.6273602422768987,2.301551246843177,6,4,0
3,5.957236137975995,2.0923207758126012,3.7471904899496176,5,4,0
3,4.8517023196796885,2.936601282829218,3.9824154573839166,4,4,0
2,5.93157714370405,1.94577975300227,4.071660076424771,5,4,0
3,4.0420470468749965,0.9728673163209471,2.9052667572182367,5,4,0
2,4.603049076385538,1.1367773053326191,2.9327257889917395,4,4,0
6,3.6353487259763,0.11649397765114096,1.6356840584853736,8,5,0
1,1.689514754108542,0.9807110466542149,1.3871520898289855,4,4,0
3,4.732325455570732,0.34705160677437147,3.099139456707044,6,6,0
1,3.746737499497493,3.39374800632998,3.5702427529137366,3,2,0
3,5.025899468500891,0.37722095009697776,2.0755226410659993,8,5,1
1,3.217095674735912,0.478578945683549,1.375200217984106,6,5,0
4,4.33024760834881,1.0356979036493992,2.3754310197646302,7,5,0
5,5.678171794079463,0.3405952688307893,2.6829073257891376,7,5,0
4,4.753088191535818,1.2030363443018144,3.178921228361853,6,6,1
3,5.763833043030346,3.126582855706554,4.59851320903266,7,6,0
4,5.895569651015518,1.1528823099989607,3.0348680714888534,4,2,0
3,5.507266852819826,0.4393882331210637,3.3480907550926586,6,5,0
3,3.822154215014126,1.2681419022845346,2.4275287451119136,7,5,1
3,5.768365626439696,0.14945349293175622,4.114262848698082,8,6,1
1,0.8546513836221457,0.7608862909933073,0.8077688373077265,3,2,0
3,5.876110281175564,0.806235579149235,2.8977996575808667,6,5,0
1,5.237965419167074,3.661779301750547,4.41044426057916,5,4,0
5,5.044584854361558,2.4423125946994295,3.7054811743037477,6,4,0
2,3.6515910326281955,0.9725056911532514,1.9658882034168397,5,3,0
4,5.15793594949909,1.834295460338216,3.562037632050473,7,6,1
7,5.801098533461379,0.6663134559052034,3.762016626116072,8,5,0
1,3.169513722666579,3.169513722666579,3.169513722666579,2,2,0
3,5.7214414874873905,0.5288085206615283,3.3746335433902988,8,6,0
3,3.346719204500936,0.741764724729792,2.2541008835556755,4,4,0
3,5.912366700469233,0.7833885515361325,3.3670628770184265,8,6,0
3,0.9053221099376512,0.3721114110243947,0.6387167604810229,3,2,0
1,4.035451911287908,0.41506199691147305,2.2252569540996907,3,3,0
2,5.959823958056602,0.4825555744721777,2.9441298945439116,5,4,0
1,5.2305219501633955,3.886320984866428,4.534295262581315,6,5,0
1,5.33529661690146,1.8370042616539661,4.20311580369177,7,5,0
3,4.705115874362171,2.6362601077918097,3.862115274070451,5,5,0
3,5.36048421099834,1.1260962837989006,2.931923921344191,8,6,0
5,5.401279208849263,0.20324571827225607,3.3497512275394503,7,4,0
1,4.723245006416904,0.5295445430906289,2.3961485744386932,8,5,0
5,5.550573354419235,0.8090970217167598,3.574525187055302,8,7,0
4,5.142357843918943,0.10577125801465387,3.291342293475789,8,7,1
1,5.820006108713271,0.38270529193823566,3.664795587144291,6,3,0
2,0.4303188898503698,0.4303188898503698,0.4303188898503698,2,2,0
3,4.406860648641961,0.19922563496782614,2.1789661193015,8,6,1
1,4.601501501290471,2.5287120071144495,3.5651067542024606,3,3,0
1,4.812135296636895,0.21482866314977714,2.5134819798933363,3,3,0
3,5.625789419498224,0.23413691106397996,2.795587114334379,7,5,0
4,5.769983863590229,0.5669898922674709,2.505199742670213,6,5,1
1,5.879310853413,1.3913393134399676,3.2771164277147746,7,5,0
3,5.3592632058297776,1.9118796695853186,3.331985983980596,5,5,0
1,5.198324672385844,0.35370741442712794,2.990718750906256,6,4,0
1,2.875348363456672,0.7388674443463631,1.516892652126055,4,3,0
1,5.3761707659195785,3.575059151380059,4.803426271643476,5,4,0
4,5.212842840517826,2.6837929172799035,4.269608790518721,6,6,0
3,5.762627567789213,0.23522022670264423,3.5180114225752788,8,6,0
4,5.635346859165579,0.9646106166735006,2.9598463936617274,7,6,1
3,5.953689728087223,1.0393811830022621,3.1571985548097956,8,6,0
2,5.934352902613324,5.934352902613324,5.934352902613324,2,2,0
1,5.8166075788042075,0.9185901219518181,4.094750631321017,6,4,0
1,5.713259920257944,1.4558144949946557,3.814530356876568,6,5,0
4,4.439005785416117,1.7730390082746614,3.193275619530033,7,4,0
4,5.38165672130448,1.1563495486092377,2.914646567272904,4,4,0
4,4.703462771029412,0.2546855644139324,2.6029993852259037,5,5,0
1,5.021119763433757,1.0081004004073553,3.1720871816477985,6,3,0
4,5.309820718887424,2.2752174109670884,3.997609298347725,8,7,0
1,5.611962076940766,1.2570327574617381,2.7759765205451923,7,5,0
4,5.649570825308189,1.4109631949001813,4.148192528220864,8,5,0
3,5.599750556435337,1.1496016084576226,3.3810850253993854,6,5,0
1,5.223172361389744,2.481543309850856,3.760182884304861,4,3,0
3,5.714607291745714,1.6508111822748774,3.5698031738590195,6,5,0
3,5.565279869073205,0.376650029979438,2.521208702600782,6,4,1
3,4.7813638249216535,0.6074600133860157,2.137179562812548,6,6,1
3,1.37791564018057,1.1237069946531184,1.2650586835875173,4,3,0
5,4.812942036352124,0.19473488899187127,2.696328500866922,6,5,0
3,5.985801609753674,2.3593011120910994,3.7209945541445144,8,6,0
3,5.3520929918245495,1.4865586301963247,3.410328055629849,7,6,1
3,5.737721760677438,3.5430460310577803,4.82619029001032,4,3,0
4,5.900608186205708,0.9154924668893215,3.5519599285028716,7,6,1
5,5.809042932760487,0.8604913688957398,3.989295836243841,7,4,0
1,4.829566799926486,0.3529621073608431,2.2336957820893386,5,3,0
4,3.8347303138042146,0.13286126711563684,1.3642006350098177,7,4,0
4,5.971092487340802,2.360098595741177,3.6164268853555432,6,4,0
3,5.910260840942083,0.8654457059587181,3.9068063199019663,7,6,1
2,4.851770091057172,4.851770091057172,4.851770091057172,2,2,0
3,5.0628855653581954,0.14179728104755673,1.757288841002803,8,5,1
3,4.624916598817694,1.3033465007954312,2.858430554253493,7,7,0
4,5.658612582779625,2.020062008801326,3.631802132005992,6,5,0
1,5.766068430345398,1.13573906178474,2.995195057509968,6,4,0
1,5.736517641654456,4.423550258725064,4.9832830716951815,5,4,0
4,5.788493870516679,2.0181048263206036,4.090816555075252,8,6,1
4,4.487594056180026,1.053213964168927,2.819355595416419,8,7,1
3,5.102868839931666,0.11585968063837893,2.8053857025326097,8,6,0
3,5.47291454252925,1.3639994471738652,3.7258750803599625,4,4,0
3,5.835302817683538,0.2656624175063703,2.7698982693170615,5,5,0
1,4.883913728180443,2.98477803154902,4.15285755394163,4,3,0
3,5.553385212713464,1.497095543599278,4.132446421859532,6,6,0
5,5.145595195785665,0.4918097700673043,2.9807076827670365,8,5,0
3,5.2203560347560085,0.4344629825001435,2.349108388371282,8,6,1
4,4.41735703196783,0.7795038093372124,2.7146758596887155,8,6,0
4,5.488383146868431,0.34692160273823885,2.2394047480605948,7,5,1
6,3.9959895890589237,0.31843584725493235,2.6312517107467297,7,5,0
3,3.3944809789206545,0.23398566737799517,1.3498171611892955,5,4,0
4,5.055949153431544,0.8599637232793709,2.682846317865326,8,7,1
2,4.322472661249401,2.1369087782233924,3.30523831747225,4,4,0
3,5.551718268312277,1.725225421976022,2.6139351159585913,8,6,0
3,2.94292949280212,0.4175108469464832,1.2794491383376507,5,4,0
1,5.185589309675953,0.23204431483755025,2.070895705333608,6,5,0
3,5.197925519464394,1.6402649404272085,3.9406731775442516,4,3,0
3,5.743875508224096,0.1994748229921567,3.6149968078763917,7,4,0
4,4.692443928781399,1.7817572862543432,2.899511019734822,6,6,1
3,5.477660524445996,0.2572079372105801,3.0895690627801224,8,5,1
3,5.847786889389471,0.27984411138111526,3.039993845109268,8,5,0
3,5.8228186877898525,0.41791016701968275,3.587836125095023,8,6,1
4,4.253981984851257,0.24626185896124447,1.8775431797810282,4,4,0
5,4.250105785086459,1.306915195367698,2.9876062219293007,6,4,0
4,5.6385685696669645,1.023848373839662,4.425279281961861,6,5,0
4,5.8809546170340905,0.28929931327497327,3.5826687604102037,7,6,1
3,4.032565517406284,0.21592235728527392,2.5375483442593594,8,5,1
2,4.275600556940549,1.1155113715645062,2.6715410180716557,6,5,0
4,4.721622591287223,0.48420003259268596,2.6255394046917853,8,7,1
2,3.6576231858402335,3.6576231858402335,3.6576231858402335,2,1,0
1,5.002407103238649,1.3445189740368049,3.2250988975655837,7,4,0
3,5.73895094093607,0.4952740177346212,3.4550120706746137,8,6,1
2,5.434051120201103,2.8183765861161123,4.126213853158608,3,3,0
3,5.062061894940697,3.9896567118304485,4.350059574896496,4,4,0
4,5.858466681259089,3.271260712828727,4.925639767561248,8,7,1
3,4.89003467896274,0.16805074349558757,1.8109706929022948,7,7,1
3,3.614514294110642,0.6022554000271737,1.8000290050764762,5,5,0
3,5.432488572430994,0.9875783930258337,3.242669262762501,7,6,0
4,4.763778039230243,1.6260435084838931,3.375241168299032,7,6,0
2,3.889728186755314,3.889728186755314,3.889728186755314,2,2,0
3,4.848388186737327,2.188851239765826,3.9015833659586057,7,7,1
4,5.889235094988076,0.1685299612760584,2.2178988201490726,7,7,1
6,5.809201424463354,1.4449171552291022,3.721899816536208,8,6,0
1,5.911573374460163,5.911573374460163,5.911573374460163,2,2,0
4,5.9923936903119674,0.5357329790686486,2.976888722012658,8,6,0
1,5.887974469116998,0.3583660819997546,2.324748459780794,7,4,0
5,1.9755136835328189,0.2667042750672843,1.012001770126332,8,5,0
3,5.211162642867545,0.5697547883750549,2.525719315191611,6,4,1
3,5.522788668630018,3.7730303450657203,4.783417779315229,4,4,0
5,5.854009302947227,1.5689571099236335,3.5256552845801785,7,4,0
3,5.875487509742218,0.39087312633403604,2.734362494225669,7,5,1
3,5.857598953583866,0.6900490450601272,3.0318452358748487,8,7,1
1,4.861262004090337,1.8624089131435888,3.5429018978966926,5,3,0
4,5.595218127469557,1.0547927400819577,3.135109792127927,7,5,1
4,5.792071250098369,0.2721868043403317,3.741360035733411,7,6,1
4,5.267725310842963,1.1875196125023493,4.079223045715214,5,5,0
3,5.598300947875369,0.1540209792500435,2.5511675398770555,7,6,1
3,4.60647255975329,0.711572170007854,2.508178871797981,7,6,1
5,5.96090368668597,0.13610379164597633,3.2354037786506544,7,4,0
3,5.592813667143082,1.711862994969492,4.188578721847792,8,5,0
3,5.211750426442161,2.16709102202093,3.675574568395989,7,7,1
4,5.881694731154586,1.4721082938494525,3.4321571800921853,8,5,0
4,5.232234940388612,1.782720996797245,3.884942977813165,6,5,0
1,1.0095665940229823,1.0095665940229823,1.0095665940229823,2,2,0
3,4.663966535397242,1.5330876046459265,3.2014146318195826,7,5,1
3,5.966546749902325,1.2467353157392203,3.634024901330447,7,5,1
3,5.298469786367892,0.1697102838084626,4.0250347828653625,8,6,1
3,5.737517883038821,1.1162748518976524,3.528445158975899,7,6,1
3,3.2569732739489394,1.340569488963116,2.277056722796608,4,4,0
1,4.257003141397546,4.257003141397546,4.257003141397546,2,2,0
2,5.257387439007411,0.9677930166283408,3.216521661791758,6,5,0
1,5.184902553264099,1.4720520504931525,3.7178656839207753,7,5,0
3,3.9118209622147138,0.7651047364879399,2.252695343665104,5,4,0
1,5.902092065790106,5.902092065790106,5.902092065790106,2,2,0
3,1.1921742145502172,0.36421439435828107,0.8885989272896027,6,5,0
0,4.180823310315066,4.180823310315066,4.180823310315066,2,2,0
3,5.469240432797542,3.0967467893922542,4.113203682528973,5,4,0
3,4.925196200186632,0.464099766402603,1.9237476914511773,6,5,0
4,5.427342367658663,0.3718554949155358,3.1058918913150513,6,5,1
4,5.959393489817658,0.6105963094745329,3.2721445516582617,7,4,0
3,3.4140172495337717,1.2484192925422593,2.3612566484555644,7,5,1
4,4.730978676609822,0.7980483449073336,3.205476097899303,8,6,1
3,5.078968433718776,2.2418259492207495,3.649285494341428,6,5,0
1,5.665281298109556,0.8829361948856439,4.113694927523755,5,4,0
3,5.003118381267953,0.18668598447800713,2.1305863283021558,4,3,0
3,5.831941002967117,0.6322527778050956,2.4841522504397466,8,7,1
4,4.305343598083419,0.642222150344065,2.103812221800561,8,7,1
4,5.974649479904297,0.4150279602845033,4.066117377060022,6,6,1
1,5.0172899605821755,0.3676914400001363,2.684058532137372,4,4,0
1,5.559510539877026,0.4738790529183873,3.2818625764864477,6,5,0
3,5.100948076700036,1.0614345023430884,2.603851548690571,7,6,1
4,5.9627462199042975,0.5276791438308936,4.282782802765981,7,6,0
3,2.8365489581738457,0.10605160744092326,1.4343651973405371,6,4,0
3,4.919948732010635,0.2936854588092501,2.3702255369367977,8,5,0
3,4.883296187300774,0.9310105517875228,2.6176670746159694,6,5,0
4,5.15903326967014,1.3586974181585503,2.801754037399,6,4,0
3,5.365170982114543,1.3586809383916791,3.6045761092162394,8,6,1
4,4.497458306943438,1.3922734405054593,3.307475735436735,6,6,1
4,5.809270729449189,1.9757249982743812,3.7044180963343347,4,3,0
3,2.72854486194399,0.39571362079302863,1.9605966647173978,6,5,0
3,5.769433503916031,0.15742568675423457,2.9601635830206057,6,5,1
3,4.410657234956193,3.0109685943333058,3.883555049695682,4,4,0
3,5.981010272284528,2.8299283310440493,3.968416626852098,4,4,0
1,4.852103712708491,2.3954840147383667,3.557180532519891,5,5,0
3,5.599788439135928,0.1038351920881565,2.7641519910881436,7,6,0
2,5.521939860281095,1.0316611943661897,3.502852022056169,5,3,0
3,5.589958276452477,2.147444682590762,4.6368673213928115,6,6,1
3,5.7395836861807545,1.7668653418017382,3.899670569052613,8,6,1
3,5.8971463130172745,0.3840525325936389,3.4207771795118065,6,4,0
3,5.632357314120628,0.11772475270078651,3.3035388305204676,8,6,1
3,5.663137086426036,0.5347576880882559,3.473791044189724,7,5,1
4,5.3496043215905,0.8393076898773979,3.3603575025872283,5,4,0
2,4.223446737846455,1.909864893020791,3.066655815433623,3,3,0
1,5.0944167906592455,2.071628239272097,3.9142484835452525,4,3,0
5,5.403179287223977,0.7240304001445557,2.2282969113557103,7,6,0
3,5.364847409638417,0.18987672589458318,3.5332147168251815,6,4,1
1,5.750357858494889,0.9028783823249574,3.576523656355571,8,5,0
4,4.6492896094816665,1.108852353700791,2.915398358798203,6,6,0
2,5.3199913210858965,4.804303088411548,5.062147204748722,3,3,0
4,5.453252332098888,0.7757531861656991,3.681748675813944,7,6,1
3,4.659535073944784,2.659035614340413,3.8538934667874054,6,5,1
3,5.839591154274542,1.0881284225990508,3.479223128676737,6,5,0
1,5.460827737548339,1.0119819149395064,3.273368738219372,5,4,0
3,5.973030693323094,0.10719300745761805,2.3970288233359676,8,5,1
4,5.9256776120118095,0.4490415587021107,2.185631877077726,5,5,0
4,4.440743814416873,3.505918529290083,4.163671468567493,7,6,0
1,1.3922033647374383,0.8740832185033598,1.133143291620399,3,3,0
1,5.907730993381015,0.11702644694502172,3.142966768153506,7,5,0
1,1.461773818849966,1.461773818849966,1.461773818849966,2,2,0
4,5.9449432412495335,1.42304522379423,3.9639807592926055,7,7,1
3,5.739141231270335,0.34117213694411136,3.646836848259071,7,6,1
3,4.82860479447948,0.7992411105097633,2.474522582858318,5,4,0
3,5.728875585969859,0.3394183066537362,2.8163665275459726,8,6,0
6,5.7953426893484785,0.3134486824404751,2.6001135224944427,8,5,0
4,5.304178778236639,0.8639070502996831,2.2099551099723658,7,6,0
1,5.815079086769093,5.815079086769093,5.815079086769093,2,2,0
1,3.1366538309744527,0.6983299844499601,2.3210295634389078,4,4,0
2,5.453895240589214,3.4682724053257696,4.314864619746051,6,5,0
3,4.909895491636793,1.293610598901262,2.5010959180396304,6,5,1
5,5.5052118612080125,2.281790110431954,3.5868551053134925,8,7,0
4,5.7774232734789726,2.418862043181728,4.093040809150629,6,6,1
3,4.216674016853619,0.23054344772823043,1.844189376991161,5,4,0
3,5.645713173524832,1.1721707520318467,3.351529834105613,8,7,0
3,5.986407864387462,1.5620930058998415,4.021302113207787,8,7,1
2,5.328172274848692,4.682834147428988,5.00550321113884,3,3,0
3,5.770198271080972,0.2066246351370753,3.0521539094651478,7,6,1
4,5.346162858191706,1.675649797770642,3.407134499997928,6,6,1
3,5.439130028514463,0.9707686365628978,3.2843846961394028,7,5,0
4,5.55750221388663,0.12009124724345766,2.3532125130070014,7,7,0
3,5.961382134783436,1.0096307110546159,2.9877434545406807,8,6,1
3,5.801525230189297,1.3579310489171228,3.595706880026206,8,6,0
0,4.648061164517858,3.875626123622265,4.261843644070062,3,1,0
4,5.453648204273239,2.3956307722784005,3.261786807136502,7,7,1
3,2.4389117761603174,0.1835408553422537,0.9464152836991091,5,5,0
4,5.545953014299003,1.2817942828941336,3.0693421038916675,8,7,1
2,5.896582535664148,0.9356429414337563,4.242308007418666,4,2,0
1,4.550849778829711,1.8230178437915607,3.1869338113106362,3,3,0
3,5.754290439837126,1.1539654413766383,3.3333176722795606,6,5,1
5,5.200510171149332,1.5433883562188422,3.9936967363755067,6,4,0
4,4.047114079147624,0.1372461711231192,1.958732189229609,7,7,1
3,4.000480860011714,1.1296372075947112,2.495932734764565,6,6,0
3,4.815764771612371,0.3656942787247861,3.298453164741924,7,6,1
1,5.6067367893166775,0.1997512315250563,2.6236441154420995,7,4,0
4,3.9469709472892394,0.18796270280787158,2.200597360420835,7,6,0
0,0.9830597237805861,0.9830597237805861,0.9830597237805861,2,2,0
3,3.4417286934990976,1.0733447523082673,2.4272949215910304,7,5,0
1,4.611379801981735,2.3974803260133077,3.1271063017756395,5,4,0
4,5.650157249887992,1.9217275850310198,4.575092741286336,8,7,1
5,3.857911741552799,0.36951605927484665,1.2596426055771153,7,7,0
4,4.025749556711616,0.1070246065233252,2.4505496122232127,8,7,1
4,5.161615603794847,0.29485486549151063,2.7674401711205525,8,7,0
5,3.574293536400625,1.2751610757563023,2.2336814475607145,5,3,0
2,3.935435766821735,0.7484687537559733,2.3601819390726266,5,4,0
3,4.342193480930823,1.0529207931548028,2.75286087496441,7,6,1
4,5.5477399939577525,1.644178819361985,3.3038678448297825,6,6,1
4,5.575217891935524,1.5305025489577802,3.653510981103215,7,4,0
3,5.6175576194323975,0.3816909797533877,2.594697568947622,8,7,1
3,5.3758757143130005,0.1470589890067837,2.2175225169192596,8,6,1
4,4.822082186900602,1.7936858975794447,3.1050474293176156,6,6,0
4,5.393709250912447,0.2615763204877621,2.5505992316676926,8,8,1
6,5.645530792612137,0.11366929245535774,2.7557475694793925,8,7,0
3,5.613838047519583,0.5276259907681603,2.6811065832652785,8,6,1
3,5.603450061808647,1.2239128395169978,3.830909868122565,6,6,1
3,3.970537349849272,0.21042775420413265,2.404457234119072,7,6,0
4,5.393399713420294,1.755420692640779,3.8888217590318455,6,4,0
1,5.024819578699877,0.44482756790129774,2.9253339475268834,5,5,0
6,5.964696072076084,0.887511743380519,3.7416232989042824,8,7,0
1,5.279106834223634,1.3948115651598911,2.5179156307323542,6,4,0
5,5.402005525048952,0.43432664814597766,2.8641949017020294,8,6,0
3,5.515608831565767,0.27135597451798943,2.675352798288228,8,7,1
2,5.284176854499077,0.4075032479939773,3.175506652309631,8,6,0
3,5.620719621236373,1.178972738693579,3.2967427183615787,7,6,0
5,4.0980657254759185,1.0091083649758752,2.75518456507522,5,4,0
3,5.688210459498256,1.6028625167732145,3.4494909089871624,8,6,0
3,3.2324035287018766,0.37816303151422903,1.2711581609803644,5,4,0
1,5.601941169281737,2.1798784897555197,3.9574354755554304,6,5,0
3,3.014551314726022,0.9384193535250764,1.9236392820896273,8,6,1
3,5.11498453358466,1.2349100981783314,3.5243642958833763,7,6,0
3,3.522652592826239,0.22277640138710264,1.9459729175959126,7,6,0
1,5.278124081541766,1.0437541171238494,2.975127608739311,8,5,0
4,5.3263513010462225,0.5939182381062452,3.040723326674978,8,7,0
3,4.892947721552841,1.1169267794291822,3.0182224978957115,8,7,1
4,5.124839172667634,0.357295402202062,3.307664265590667,8,7,0
3,5.949460268531993,3.2611342299511343,4.204884739596518,6,5,0
4,5.039312868097714,0.35122340387264994,3.272774190503358,8,7,1
5,5.762600078340836,3.1726077558921584,4.369074748522712,5,4,0
4,4.317668192743925,1.1637263384430039,2.7577448568569003,5,5,0
4,4.1720443530186015,0.2009357236569061,1.4508817619967922,5,5,0
4,5.862908951316036,2.496882498785498,4.158238864703944,7,6,0
1,5.263581967717013,0.43637704695840884,2.76374140049219,4,3,0
3,4.287727804565987,1.1588165409408622,2.5075083450907534,8,6,1
4,5.608018070757293,2.6499537182426685,4.135227207183598,8,7,1
1,2.953547891261453,1.3654919378898176,2.159519914575635,3,3,0
4,4.68413174704533,0.10484083251334898,2.085303239003578,7,5,0
3,4.449321420792573,0.473474059382784,3.3024191194210495,6,6,0
3,5.612561011132113,3.1836153752555085,4.5383367881222325,6,5,1
3,5.822628218689433,0.7529470829578141,3.361368881491686,7,5,0
1,4.993654625533407,0.9163583085661333,3.2770734702111883,7,5,0
3,5.719302162221037,1.4187426377373145,3.17518736458282,5,4,0
3,5.330907140712229,3.518056297181202,4.178386364434478,4,4,0
1,3.487156414617164,0.12269870463125497,1.5689414543867253,5,3,0
6,5.726289105441031,1.2418933729536343,3.193382619081311,8,5,0
1,4.425149209283272,1.3169215079556493,3.0023453711292625,4,3,0
4,5.792630223246797,0.1582703126577872,2.764877581164092,8,6,1
3,5.055216969637191,0.4611186422903929,2.7443521661695125,5,4,0
3,5.275832965849201,0.10321413265216,2.8218095653537003,6,5,0
3,5.017104588763427,2.894988228718026,3.840872911451136,4,3,0
3,5.560180609410814,0.10372803550838634,1.8723325014859238,7,5,0
2,5.342766760510867,2.1997566894128244,4.078664567456833,4,3,0
4,5.492485590681277,1.0557733382674142,4.191668725328731,8,6,1
3,5.816680760586139,0.8760075632376415,3.5255484575091787,5,5,0
3,5.581841186919277,1.8752125259190144,3.6180055628945653,6,6,0
3,5.469951034566303,1.9610156357391888,3.2232774584771833,7,6,1
3,5.598033810762266,1.6258567992116004,3.584455198134592,8,6,0
4,4.999576528242457,0.13602918226781152,2.241079441459377,8,7,1
3,1.3871520251006004,1.0807224388342276,1.233937231967414,3,2,0
1,4.415887769711364,1.6971296732338002,3.250740859505691,8,4,0
3,3.0639067898197565,0.6982785850455856,1.882788148651143,5,5,0
3,4.611646029055988,0.9327618334861273,2.7366185671164556,8,5,1
3,4.854088158025559,1.8716535094658602,3.099473116848404,5,4,0
1,3.112216141465768,1.46507125259302,2.288643697029394,3,3,0
2,0.8363894136706123,0.8363894136706123,0.8363894136706123,2,1,0
1,3.901427513918856,1.5139109683814638,2.70766924115016,3,2,0
3,4.9805385505678235,0.15689179810078402,2.6003748524223087,7,6,1
3,5.007220176601958,1.3549706694992991,3.016936335710089,6,5,1
2,3.430697850097077,0.6990102776893667,2.064854063893222,3,3,0
2,4.144798543470802,4.144798543470802,4.144798543470802,2,2,0
3,4.4378019342364805,3.0297277407122536,3.733764837474367,3,2,0
2,5.922927882010569,1.424454973924241,4.461863941870136,5,3,0
3,5.832845840942916,0.7617766468563888,3.547105903766735,8,6,1
4,5.444932971003055,0.20007520343826027,3.3800245662881254,6,5,0
5,4.443123121809287,2.4001884112799057,3.3763181102805317,6,4,0
3,5.678142365500666,2.0387011501725443,3.948626430370909,8,7,1
3,5.453093088964273,0.18489338729350632,2.6315708000821476,8,6,1
3,4.789349703216497,1.316053022520087,3.044602405182056,4,3,0
4,5.108635555689176,0.5833045833626482,2.7531394849086195,8,5,0
2,5.677034015260413,0.5707395816080507,3.1238867984342322,3,3,0
0,5.2121513806269935,3.974477906598354,4.754839508628955,4,2,0
2,5.555208843912593,0.972061073076849,3.509573812332241,6,5,0
3,4.49203791184033,0.21785362662494112,2.2748803344219914,8,6,0
2,0.8413363332428375,0.8413363332428375,0.8413363332428375,2,2,0
4,4.1714982340753135,1.535760938887976,2.769258576297214,6,5,0
4,4.7434049988723155,0.5111049059337636,2.5823561987771972,6,6,0
3,4.255455594822577,1.3330161801282774,3.0194753777365886,7,7,1
3,4.027388875583041,0.6070944908179561,2.2798460534567235,6,6,0
3,4.105171743179272,0.35126529033590337,1.7124509463657918,7,5,1
3,5.9809339457577835,0.2662209111901808,2.722329924378967,5,5,0
3,4.258292745273189,0.5052592226885352,2.2852686186075304,7,6,1
1,5.7575078271169895,2.007645885230417,3.8002369463609993,5,4,0
5,5.882762361038923,0.14880810646673032,2.5462418141404997,8,6,0
1,5.566733538564187,3.4945323655709064,4.359997763437138,5,3,0
4,4.604835088278039,1.6907722885898928,2.9369565530681965,7,6,1
3,5.367264245276745,0.9011302097928816,3.180152048379385,4,3,0
1,5.050947959791067,4.617433000289644,4.8218156154310385,5,5,0
3,5.774623416517815,1.4124237076979784,3.2814198924482563,8,6,0
3,3.965731803324492,0.33316344209458804,1.5258497566667462,8,6,1
4,5.049307381767865,0.14320455032834797,2.7184541887323497,8,7,0
3,4.438734383823897,2.8471349445443717,3.5402349143924026,5,5,0
3,3.0264526074207816,0.5609588634367961,1.5105125654547455,5,4,0
3,3.322316529275493,0.17079531461689426,1.839324725854095,8,7,1
3,5.754773463367209,0.15886074229991795,2.871191038638596,7,6,1
1,2.8227268556349268,1.3755085157638935,2.0991176856994103,3,3,0
1,5.992882317500337,0.7546601083869382,3.6601667872771526,7,4,0
1,5.424109684506754,1.829500990772906,3.9980232286541555,4,4,0
1,2.119695188614681,0.19084083996726056,1.1552680142909708,3,3,0
3,5.545400607364214,0.6568029234217915,2.462825465836065,7,6,0
3,5.826980062537273,0.24222801198077845,2.8271535363114477,5,5,0
3,4.568943554523589,1.784661061479079,3.032417776115293,5,5,0
3,5.994850888452275,0.23945008304650944,3.15101400680442,8,6,0
4,5.3730296780175495,3.2216104813397735,4.282014872069891,6,6,1
3,5.708445172984368,1.687191551239661,2.9403241712917065,7,6,1
3,3.4732499974362243,0.1284925767765656,1.8030079793053033,6,5,1
2,5.149656385312444,0.6448371393118069,2.8176489786654715,8,5,0
1,5.662536216094806,1.5451687152662854,3.3843359642354405,7,4,0
3,5.352879845880033,1.5414792807641944,3.4810122523857565,5,5,0
1,4.848649592126689,0.9349775782186871,2.8279161606748078,5,3,0
2,4.849027174729109,4.0219111619221115,4.435469168325611,3,3,0
2,2.011257427182577,2.011257427182577,2.011257427182577,2,2,0
3,1.9977446780567223,0.27683083067997105,1.1372877543683466,3,2,0
3,5.299283999200003,0.416644236172692,2.1503692426973338,8,6,1
4,5.7697372343765885,0.10665869698540577,2.666525761416158,8,4,0
4,5.485181970262638,1.2366550060239163,2.792222075423294,6,6,0
2,0.614420536465012,0.1496854740268702,0.3820530052459411,3,3,0
3,5.849861726399119,0.20560362407938862,3.7722220603308654,8,6,0
4,2.5095512042852985,0.41731442587817436,1.3194285572283557,7,6,0
1,3.9636973659414916,0.838051327863737,2.400874346902614,3,3,0
4,5.4893337826726345,1.423891327818853,4.0288462774491185,8,6,1
4,4.4867779643196055,0.14037710472278714,2.4731387987700257,7,5,0
1,5.721012937138304,0.8446838540859213,3.4810300109012817,7,4,0
1,4.761630781582872,0.45452820264369564,1.9200448461594484,7,5,0
3,5.198157053471086,1.4882315326327185,3.205185049368357,8,7,1
4,4.764716443862539,1.5913891342814812,3.0521204039997487,8,7,1
3,4.290518971633231,0.6963445578249217,2.51945600082955,6,4,1
3,5.197600462033392,3.052612487667396,4.388192093521423,7,6,1
3,5.95848351089716,0.20789060778296312,3.3732060585664594,8,6,0
4,5.192820138282439,1.2002798412598212,3.741922878761173,4,4,0
3,4.960394267597882,0.9394379227819492,3.1153101649503294,7,6,1
3,5.627042012673458,0.1779173734646584,2.6997478276364837,8,5,1
3,5.319294005774048,0.3689643644241858,3.6947205767653775,5,5,0
5,2.681542118715376,0.15561095259524305,1.542357057805141,7,5,0
3,3.6325913770993914,0.4318047770771928,2.113088145855997,8,6,0
4,5.408054782653866,1.4374416920384645,3.2418763758193876,7,7,1
5,5.221946782839636,0.28571916138313536,1.8940350114075142,6,4,0
3,5.960553747924159,0.3245034944796399,3.0861869542371583,5,4,0
4,4.824997415472981,1.5508561239434677,3.2589844981766594,7,6,0
1,5.652000089246391,0.3738819142984463,3.101340073562686,8,5,0
1,3.069996382960339,0.16029149948376287,1.5435309015381595,4,3,0
3,1.9667176556817794,0.969424602355887,1.4616926305865858,4,4,0
3,5.936054354831539,4.314411032537311,4.952001445243233,4,4,0
3,5.48129543618967,0.11852756755444886,2.629552807043286,8,6,1
2,5.147584101997476,4.744704185459532,4.946144143728504,3,3,0
3,4.862362018086279,0.5505241404802627,2.7107751388074326,8,6,0
5,5.63944080153854,0.36912525145948405,3.071927719486957,8,7,0
7,3.050237483804577,0.31640294874316394,1.235719600883318,8,5,0
4,4.363694560237888,1.3774268826577476,2.712401016219526,6,6,1
3,4.646409116203119,0.39388217073519616,2.6301289045097973,5,5,0
4,5.982487009239123,0.9030297924629224,3.497830472529525,8,7,1
3,5.369387264707546,0.8397440432424829,3.1020945402216893,6,6,0
3,5.385932958601038,3.1503736102527604,4.38391188236777,5,5,0
3,4.703015375033365,0.24985614907066905,2.76914023444388,7,6,1
4,5.714113929260499,1.95419655242508,3.89922773427285,8,7,0
1,4.256335855943446,0.26296536716309427,1.9369555389372013,5,3,0
5,5.667788359496319,0.4518541706083913,1.8629108637922425,8,6,0
5,5.309941187537107,0.7289869308122461,2.41952766549329,8,5,0
4,5.770378503987841,0.2745690576812899,2.458270368017667,8,6,0
4,5.312874636304744,0.45724513151933954,3.415072841401076,6,6,0
3,5.3338543176154865,0.16360383893577396,1.9874768008116168,5,5,0
3,2.8071442572987446,1.597450575301349,2.1732231060827774,5,5,0
3,5.751626040940342,0.29181675444881855,2.8595607942165353,8,6,1
4,5.948708243465816,0.6133391592233279,3.3325511016991376,8,7,1
4,4.961970538740666,1.0806062062270352,3.138682088104698,7,5,0
3,5.9629321176110865,0.11645638250042081,3.3202418020671636,8,6,1
3,4.969149511102804,0.5587505201570558,2.7916187584865284,8,5,1
2,3.5502113299705558,1.0255769741246539,1.8995231272957487,4,4,0
2,1.0898590016633514,0.13870719409500382,0.6142830978791776,3,2,0
4,5.113831121125144,0.14273052655078283,1.950976676430862,8,6,1
3,5.7989166569195305,0.845321075668591,2.216477033681476,6,6,0
4,5.805187049722943,0.5439983616666528,2.5544044857883246,8,7,1
3,5.917303686598659,0.5484798010263194,2.0037835534833612,8,7,0
4,5.1443283208434645,1.7170099123818428,3.2201000884692492,5,4,0
3,5.353101771047591,0.2560532460108834,3.3044574768215713,7,6,1
3,4.260388174092611,0.4704881316990699,2.366263580191231,6,5,0
4,4.346792532907195,0.7198980373674991,2.244330566267483,6,6,1
2,3.5885502086570367,2.9621753261403727,3.275362767398705,3,3,0
3,4.807580570018996,0.6512034673999131,2.522207364797257,8,6,0
2,3.4900285517410796,0.3445393334730724,2.4293720337104654,6,6,0
3,4.7350998567632505,0.43824733132258364,2.9377174096128313,7,6,0
2,4.292548628025015,4.226877362130093,4.259712995077554,3,3,0
2,4.695619976467358,1.6701403807669997,3.323997913540272,5,4,0
1,1.183044737059628,1.0382414767028367,1.1056823184740303,4,3,0
3,4.778221638194463,1.54953488066899,3.0964276138738245,8,5,1
3,5.519508598023358,0.10145565083197883,3.697351746074223,6,4,0
3,4.331341034668952,0.332094904860124,2.340184189242608,5,4,0
3,5.702862477243906,0.652512267324154,2.7693401423892383,6,5,1
3,5.856137104123578,0.4238681167111511,3.752522709378198,8,6,1
1,5.899928858260403,0.7568125166964331,2.814227692882458,8,5,0
4,5.638278301658428,0.7861947991014997,3.0940986710377745,8,5,0
6,5.711029461617151,2.235872265040814,4.10601938055637,7,5,0
4,5.164253197663033,0.2166596389430157,2.462440331059469,6,6,0
4,4.589047425872505,0.1636035850383042,2.4685496467150565,7,7,1
3,5.877591827868986,1.1204439533306207,3.365577949813827,7,6,0
3,3.580801619292011,1.1288483600250216,2.170872269227939,6,6,0
4,5.448522628717472,0.6537931370157007,2.8599758929805956,8,7,1
4,5.386974630081308,0.8751042649796293,4.239921602869481,6,6,0
4,5.636456482506407,0.9800010150044236,3.8026425017928007,8,6,1
3,5.042004782083531,1.4935085679867224,2.9305162498417596,6,5,0
4,5.497596360045329,0.2595936748274599,2.9809491531725567,7,7,1
4,5.604794155063271,0.809432349601108,3.996604541765794,5,4,0
3,4.649474414588618,1.3863769237998873,3.3244753223649233,7,5,0
3,5.104147114077605,0.9200936100465906,3.8720425412532684,8,6,0
3,5.7980754726608,0.8079884038487705,3.2333886398672,8,6,1
1,5.9639150287527585,0.7664328654515307,3.5203667811750377,8,5,0
6,5.996101251260718,1.0581958670592384,3.566665718497584,8,7,0
3,5.727704132953803,0.771996905863769,3.1388110654415704,8,5,1
1,3.81171285199065,0.2834181795101395,1.6984262306019386,8,5,0
3,5.233700803259953,1.1257341499817648,2.7101198981202965,7,5,0
3,3.8853570224075806,2.0993864738443184,3.2063592967482295,6,5,0
3,5.628649401625873,0.11287517767843439,3.5572477312613406,5,4,0
1,5.059964324524881,0.8082766346045426,2.6535352262952756,5,3,0
3,3.8182630139639104,1.1848944975983922,2.4459602926485835,6,6,1
2,5.589633796220445,0.9413646292665145,3.5488669540465154,6,5,0
3,5.568384866825299,0.15283412320594217,2.958869253241645,8,6,0
3,4.612645183199971,0.8844499214166681,2.995352944430731,5,5,0
4,5.828294048712568,0.9665341608319651,3.8740780014264073,8,7,1
3,4.3025711317389295,1.7310268680789613,3.062815166216567,4,3,0
3,3.787083536564711,0.534771912270425,2.5469416058958436,7,5,1
4,5.712763570351724,1.1886614499847201,2.823240664309702,5,5,0
1,5.59535568474424,0.5287616014654966,2.8652495497960886,5,4,0
4,5.9130736900944285,1.010487595715578,4.411195034218987,6,5,0
3,5.506550750939807,1.2050172462746256,3.508899815047287,8,7,1
3,5.858684685157026,0.15807681808659904,2.810083397411156,8,6,1
3,4.888011648446168,0.8811320356705402,2.6076615086615895,8,6,1
1,4.285583628929336,0.9928568149216923,2.7360725498836076,6,4,0
4,5.876082025595612,3.453471702687248,5.151900169419121,7,7,1
3,5.62503904927175,2.0659126175284936,3.2518638943075757,7,6,1
3,5.944418130271297,0.5323200593020121,3.0970997926759076,7,4,0
3,3.769881056180924,0.9650152467232773,2.2675664487183718,4,4,0
3,5.978208239614982,0.3378572025915688,2.2377205139424885,8,6,0
3,5.756737085832775,0.8591576909225767,2.6639591224731682,6,5,0
3,5.832443153181523,0.3185324815631613,3.081897942612662,7,6,1
4,5.027490100757488,1.5683705244469368,3.1950741064327253,8,6,1
3,5.364338257091941,1.781833052387213,3.6420320331889138,7,4,0
2,5.96732006513121,1.567002977913776,4.360242504645066,4,4,0
3,5.644652692650647,1.0458799826082807,3.101374477202399,7,5,0
4,4.1909016682809925,0.22414635937230015,2.7407553392596715,4,3,0
1,5.215014667078626,1.7666588975719375,3.325941101627628,5,5,0
5,5.456510049794985,0.2219236386456453,3.212763354400097,7,5,0
4,5.0506645110624,0.34205500316905113,2.5279023525875703,7,7,1
3,3.3659144930330647,0.6678662089868332,2.4342508298701304,4,4,0
3,5.965750472124284,0.2908564630306125,2.9937367747923274,6,5,0
4,5.1949049326610055,2.9334614104465846,4.219952146750007,7,5,1
4,5.270755427157623,1.1608316821185,3.081417715234372,8,7,0
3,4.465192475574176,0.8654652677955083,2.2428867674223354,7,6,1
3,5.57594550098736,0.38567026071846566,1.968151896455357,7,6,1
4,5.040776119733485,0.16459905409461617,2.155226478975127,8,7,0
3,3.689029270019566,0.8980081143789166,1.843898504569039,4,4,0
4,5.818137285227303,0.3457941539010406,3.0812444245423296,8,7,1
4,5.890746416285414,0.9086669784686268,3.450519749211632,6,5,1
3,4.338360945383769,0.1961109051158133,2.524874902941476,8,6,1
4,4.596325461179098,2.449007790417003,3.1805284705206565,4,3,0
3,4.888544109534426,0.4087642584584218,2.376160866665573,8,5,0
4,5.420605968958757,0.873382787859201,2.7436483139376047,5,5,0
3,2.7097920547894314,0.5428145493135902,1.683256649223137,7,6,1
6,4.574980494332433,1.9839756396697714,3.4723987494715,7,6,0
1,4.0562606074023275,1.2493689022848764,2.529320804223262,6,4,0
4,4.501943001113707,0.3901385661570783,1.905239028184976,5,5,0
4,5.147678219044783,0.6915433699310235,2.9720013497737012,5,5,0
3,5.989919799399411,1.3409665103002055,2.8620460231888467,5,5,0
3,5.615150789491657,1.0754936165500188,3.3483297662947806,8,7,1
1,4.163565077262329,0.10078466076423263,1.286614869185209,5,3,0
1,3.5868388660185064,0.5165524845379195,2.0257401967559203,5,3,0
3,5.958081756457382,0.8568578176744467,2.9901184408606034,7,5,1
4,4.383261749794848,0.29924248482402815,2.863792134853089,5,3,0
4,5.560527302590493,1.3232786945642456,3.1990700156768974,4,4,0
3,5.3970604548361,0.41650990084134676,2.8261514247784763,6,5,1
3,5.563084523642283,0.1142801073711986,2.970459354766788,7,7,1
7,4.400678190728614,1.768074573462396,2.8989895941475434,7,5,0
3,5.343589989531524,0.1838156559614458,3.0294242862130467,8,6,0
5,5.369810929506537,0.6949813844710285,2.1061566204020923,7,4,0
3,4.141830381434687,0.12409425920873257,2.0829127184846263,8,5,1
3,4.504487130594944,0.4788624972011445,3.1153548814510126,8,7,1
3,5.925952811647914,0.39190778783020397,3.1521429361327225,8,5,1
4,4.151521323759513,0.2445583704331976,3.1452487573843975,7,6,1
5,4.84351123946941,0.3991022195855013,2.1206042603270516,8,7,0
4,2.752749683990065,1.9800698021164829,2.376364236284263,5,5,1
3,5.799769950774852,0.6892690237467617,3.0421596594065474,7,6,1
4,4.742689323982897,0.4085883839417055,2.702325177169422,7,6,1
2,2.3574256582715463,0.5206175755475962,1.4390216169095713,3,3,0
1,5.361467263210252,1.6340714231535451,4.0596101068079955,4,3,0
3,5.015809105263108,1.2893864394931018,3.2318550473480205,8,7,1
1,5.506211103139433,1.1228149761766992,3.0700190182229306,5,4,0
3,5.523847250234244,0.49065992653122315,3.5341667073783443,8,6,1
4,2.3965195238248858,0.17777684228913637,1.4584112738831867,6,5,0
4,5.90365144002101,1.8650152283039467,3.4790085256590713,6,5,0
4,3.981380437294298,0.3664285945005662,2.2545391472830443,7,6,0
3,5.065036944589956,0.20361719477920676,2.042056626162633,7,7,0
4,5.961235917832069,1.2886528821423044,3.9742398132541177,8,7,1
1,2.5796793173188246,0.7255250354577156,1.6526021763882701,3,3,0
2,3.8926676916145353,0.2836550373382052,2.0881613644763704,3,3,0
5,5.894921974959747,0.682076188258145,2.9721690478484875,7,6,0
3,5.892183469165753,2.2920297521681268,4.042680259193347,7,5,1
3,5.608028716448023,1.4898427329045054,3.9311022558378053,7,5,0
1,4.107926978784759,0.3118782354871453,2.336732885014557,5,4,0
7,5.908141328655974,0.5165477819741324,3.7756365507589122,8,6,0
3,5.202879431198625,0.5566241669216316,3.562969365295865,4,4,0
4,3.6549161601264846,0.49122257367655575,2.613700367137072,6,5,0
4,5.760960456726519,0.9905323013886244,3.618347020238626,8,7,1
1,5.57755010460114,0.6886328645992956,3.6101950201009374,7,5,0
3,5.797771839174212,0.31622278579436525,3.167437584280932,8,6,0
2,3.57793025280191,0.9494732922834986,2.263701772542704,3,3,0
5,4.311703886579563,0.37269900464565553,3.02995721466471,6,5,0
1,2.8154258192709958,2.8154258192709958,2.8154258192709958,2,2,0
3,4.174050324648151,0.17829126583158522,1.7708018684165194,7,6,1
4,5.43990293140064,2.2091107558397383,3.4878130947150816,6,6,1
3,5.892947980789057,0.4769592495304025,2.5974750509761293,8,5,1
3,5.94383302047417,0.771601938555882,3.080959100353632,6,5,0
3,5.843784121312675,0.41527720730670525,3.4881413860890205,8,5,0
4,5.9390869957821435,1.831322283640238,4.0483447424109675,7,6,1
3,5.469071046631595,1.0449850696949494,3.516646052948044,7,6,1
2,5.77421829776023,4.666736854493105,5.220477576126667,3,3,0
1,2.2729036974789447,2.055417700852025,2.164160699165485,3,3,0
3,5.956724852656492,1.4371709580182805,2.7764215203523093,6,5,1
5,4.8028721265156635,0.2413993506560616,2.2081498132803863,6,6,0
3,3.82991810349063,1.7722691337524377,2.4861642165319293,5,5,0
3,5.694997065165754,0.553843160199818,3.40971801580261,7,5,1
2,5.0428850808247825,1.444766825047435,3.7824234045283682,5,4,0
3,4.884081759702534,1.7980290953248714,3.829687526926531,5,5,0
3,5.774284863704245,0.26916361816417983,3.1055108348905565,6,5,0
3,3.391198480539628,1.2127849217663338,2.435262979386128,5,4,0
3,5.98455315492556,0.10882439630734947,3.787447112238619,7,5,1
1,3.7414621537043113,0.1952578682701686,1.8522229187523542,7,5,0
4,4.683497987421202,1.3466036367963856,2.7540108770264053,6,6,1
1,4.534486629490703,1.5533640801067343,2.9425260698360516,5,3,0
4,5.119766371672689,0.2553222706642607,2.430515683069913,8,4,0
4,3.523531889124258,1.2680410025866309,2.4503522074158517,6,6,1
1,3.9387257946218233,0.40542840227748356,2.556724518714512,6,4,0
1,5.636080506317654,1.5760067459207454,3.0276468705397788,6,4,0
4,3.889657426869154,0.41198632716106076,2.4028049529908264,8,6,1
4,5.757732039414307,0.1722005448120969,1.9252773021269856,8,7,1
3,5.2274596390587,0.2858922246706591,2.538239046944698,7,5,1
2,5.769193722406057,0.26243465068991545,3.1974035646582744,6,4,0
6,5.7366054649640565,0.7887879453598087,2.934362060485858,8,4,0
4,4.844527741952981,1.8605660986739319,2.995959496325043,7,6,1
5,4.497996341598046,2.203994527908799,3.4657417486591866,6,5,0
1,4.668942483838494,1.1476255050595476,2.5947189450530095,5,4,0
1,5.246790913295205,3.1142923649952867,4.2157768498904336,5,3,0
1,5.281125951595868,1.0395983465195235,3.9119547611606214,5,4,0
8,5.563006760221426,0.8509626969333509,3.7026092652658034,8,5,0
3,5.19412660974772,0.5825976693947608,3.090420677949501,7,6,1
3,4.519589132309547,0.6974817501041936,2.482554728718974,8,6,1
1,5.391929552044779,0.23641642356594217,2.1878069071445823,7,5,0
4,5.757662543415678,0.2126840195059661,3.8343409526202086,6,5,0
1,4.7241506223314245,1.8573162527358802,3.391723696915444,4,3,0
1,4.858501962370603,1.3698661784300836,3.2574117383420984,8,4,0
3,5.3451400618937095,1.4227587065760778,3.314567541541851,7,6,1
1,2.398813516153942,0.7187876324355759,1.4064899681466596,4,4,0
1,5.746285009721977,1.7144285883570216,4.014429221850652,8,5,0
4,5.854385529974565,0.6377312914431391,3.703273592018668,7,6,1
1,5.504273913885044,0.8025126277265711,3.275873615852536,7,4,0
3,5.978837581377409,1.265142468665943,3.2700067268265074,8,6,0
3,5.603829240593699,1.05327463393533,3.161631001533067,6,5,0
3,5.787503479944001,0.5233108126310146,3.2123061308744547,6,6,1
1,5.528479435887493,0.5491974226304912,2.8475810906186374,6,5,0
3,4.570193554239939,1.0866021110877986,2.314703097593018,7,6,1
4,4.3519172077736545,0.4835270174741718,2.9429120624812994,6,6,1
3,5.943412302502555,0.280690508921004,3.1971580298997266,7,7,0
4,3.9551198663829954,0.25275294652614144,2.0569916371931516,7,7,0
3,5.168226408911616,0.13005248473799957,3.4922275751200043,7,5,1
3,5.8847463629775625,0.1303738215583507,3.2924064703733578,7,6,1
3,5.234071593561673,0.14547527568864113,2.507061275810287,8,7,1
1,5.211336355788361,2.2117035940255967,3.4657400737477864,7,2,0
4,5.806374335293734,0.27523739839830796,3.5569468001995594,8,7,1
3,5.567142023061599,0.27234283725166264,2.8893882577829486,7,6,1
4,5.56539643705215,1.1341884292774975,3.238007400601919,7,7,1
4,5.593862124640514,2.7233333898963625,4.694454821066466,8,6,1
4,5.792017937723994,0.10390991882444794,3.0817787020401526,7,6,1
2,5.373792365968484,5.373792365968484,5.373792365968484,2,2,0
3,4.394537593319852,2.3921930794134796,3.122321512933562,4,4,0
3,5.372711379491274,2.290402426718978,3.8315569031051258,3,3,0
2,0.9490195998589711,0.9490195998589711,0.9490195998589711,2,2,0
3,5.40361804333209,0.445658645228141,2.480738208158566,5,4,0
3,5.090482766512476,2.0330061558932466,3.1330693373958907,6,6,1
3,5.9808213681060405,0.18818320227186405,2.1291313471010995,6,5,0
1,4.789486475987948,4.086373493363888,4.437929984675918,3,3,0
1,3.1996283433032167,1.4355229509765786,2.128134237910317,4,3,0
1,5.440517957534033,1.520353768639324,3.0711322723672017,8,4,0
2,5.164783452779463,1.3385047465678335,3.251644099673648,3,2,0
4,5.050108986800208,0.144780588084345,3.333791302598518,8,6,0
1,4.061404139933945,0.38761875202382423,2.2245114459788846,3,3,0
4,3.912153127997409,0.11216382639851766,1.7865826054602183,8,6,1
4,5.985255316404473,0.11449844382595409,3.261367752555516,7,7,1
2,4.784138733147477,2.130359394766705,3.457249063957091,3,3,0
6,4.63343928490032,0.17580638316266858,2.137212026032634,8,6,0
1,4.582027987142904,0.2563660005043868,2.56285847864852,7,5,0
4,4.80320609328174,0.4241699323058037,2.808224768379348,6,5,0
1,3.327857369263028,2.9229165270460777,3.125386948154553,3,2,0
3,5.478527549937986,0.5943494676831799,3.085528764255605,8,6,1
3,5.123594557066134,0.944887235998759,2.8363358896965214,8,5,1
4,5.306069436774007,0.34334030863687937,2.347937693147487,8,7,0
2,4.231943130679612,1.185535753841603,2.6119009996358327,4,4,0
3,5.664096014484873,1.180164322712994,2.4989444925270012,5,5,0
3,5.866824187512121,1.6350485073083307,3.0616555301411754,7,6,1
2,4.999719746484242,4.27813099301523,4.638925369749736,3,2,0
3,4.9286982526316505,0.41999605604686785,2.333989085364492,7,6,1
3,5.673481045405184,1.1580064015383609,3.4157437234717727,3,2,0
3,5.416102651698776,0.5304004227581871,3.6758769036962873,8,7,0
1,4.218875487648632,0.2429413795568762,2.0062000515086567,6,4,0
2,5.061167903142585,3.3774533749799605,4.2193106390612725,3,3,0
3,5.5661424096493235,0.47778458695731774,2.9894351286801015,5,4,0
4,5.931793145955189,0.7656600668836032,3.3228828940958324,5,5,0
3,5.957822407343645,1.3008874439231846,3.957445991680277,8,7,0
3,5.512391617057007,1.5938479928588762,4.155016572202113,8,6,1
4,5.020266219279107,0.7709753350601568,2.4190250890981204,6,6,0
4,5.714785889470157,0.3878466373588817,3.6493388553728288,7,7,1
3,3.8710540657559878,0.348170439782335,1.8261153323044528,8,7,1
4,4.762827958019028,2.488310839198534,3.7262514667420614,5,5,0
3,5.8876204521441124,0.6026059803040794,2.9625948602716368,7,5,0
5,2.9112933585921845,0.34593810323298885,1.6731392903988695,6,5,0
3,3.8973805262207932,1.6079421520499042,2.605791348971319,4,4,0
4,5.925594441294999,1.5567910295128937,4.177874067231612,5,4,0
3,5.441987077019981,0.3555546834510669,2.982005037227886,8,7,1
5,5.262336025242285,0.12537275111112528,2.5807119868792916,6,5,0
3,4.884936148360736,0.8421133872959619,2.8200397129701535,7,7,1
4,5.500070585646919,1.2236161690512568,3.535909879123151,6,6,0
3,4.318645164990467,1.084811638338664,2.904750173499862,7,6,1
3,4.1904349172240325,0.1064705826593434,2.7270257353101393,7,5,0
1,5.789440638615127,5.341843053691699,5.565641846153413,3,2,0
3,5.021890082021996,4.568608499708451,4.771449238625133,4,2,0
4,4.641024899378626,0.34008235248035457,3.0591311185232506,6,5,0
3,5.747409027054083,1.1755639035283503,3.6014997707647445,7,6,1
3,5.519231704905295,1.2995177440485106,4.320242640806045,8,7,1
1,3.465684648433521,0.7360020300280998,2.362149770594582,4,4,0
3,5.133076253335355,4.1047941499006075,4.618935201617981,3,2,0
1,5.969995822781923,0.6405535471456225,3.305274684963773,3,3,0
1,5.419686105713491,1.6568308447602202,3.92498316225678,5,4,0
2,4.7604733735551035,0.2226675929279299,2.363565978047065,7,4,0
1,5.2767286440416825,2.463801909466945,3.895191582053224,4,3,0
1,4.9424568408102765,0.3225259719570285,1.6953227475338888,7,4,0
4,5.896143601799732,1.4607816948141277,3.3066085481215572,6,6,0
4,5.54842833763973,0.6222707236588358,3.4149561566664173,8,6,1
4,5.961698225039479,0.6208339774190005,4.253508068904485,8,7,1
3,5.925869044186716,0.9230981361755763,3.57941693964773,8,6,1
5,4.427334570845475,0.26981160692171613,2.792403550334553,7,6,0
4,4.02232787261853,0.6179113879754193,2.777877398179779,7,6,1
3,5.001734869760767,2.650306848186179,3.4098988780149564,8,4,0
2,4.313341567463253,3.3467519418074376,3.907306545223556,5,4,0
1,3.6592435496455478,0.9985341501207741,2.5243683408605233,6,5,0
3,5.864274110789464,0.5736449422306885,2.3534759719702976,8,7,1
2,5.955266413791164,2.738513786427312,3.939158725111715,8,4,0
3,3.898101442995199,1.1084006359619043,2.8435685191036404,6,4,0
4,5.648478939406565,1.2538369306690726,4.047888833869201,7,6,0
3,4.3748661986510635,1.5935969609356766,2.598426819531005,7,6,1
6,5.1512828197254334,3.089391461536027,4.0793020193104885,6,5,0
1,5.873960661222476,3.1537526678131527,4.674649543630054,4,3,0
3,5.981219404359695,1.8745196226145684,4.224837117242044,8,6,1
3,5.514819251867297,0.14832424671728922,2.928486667053278,6,6,1
5,5.451214230336868,1.690882394061414,3.7867985718707144,8,4,0
4,3.9818083814639547,1.8693944987319209,2.6592777649153976,4,4,0
3,5.462248732429532,3.620087776798436,4.405195006539076,6,5,1
3,5.963176372846438,0.2722357170369488,1.961538303802224,7,5,1
2,5.058907373147455,2.343794614419737,3.585243298842824,4,3,0
6,5.731903588574062,1.631309979620072,3.1345697956846696,6,4,0
1,5.550457172935649,0.7351559680165758,3.1521766916091236,8,5,0
4,5.652046997472392,0.5351464954866234,3.251421583222797,8,7,1
1,4.092522758562797,0.6897535315982455,2.494161402126927,4,4,0
3,4.9138699138873845,0.43738742811212705,2.8959097225981716,8,5,1
4,4.625941089461774,0.47714791037272475,3.0797093982669606,8,5,0
3,5.697470056798792,0.19321794738770548,3.2832777554701473,7,5,0
3,4.938571928064998,0.6779063247356799,2.8317068604431515,8,6,1
1,4.401074432415912,2.1429168717385205,3.350397979393602,7,5,0
2,1.974996530276528,0.16107846552357508,1.0680374979000515,3,2,0
1,4.48016740874058,3.172384047804857,3.8262757282727184,3,3,0
3,5.294936792747768,0.378662272562565,2.6321182703152526,7,6,1
4,4.369248139579254,2.1531155098663635,3.4212797091620506,7,5,0
3,5.240950513832428,0.5228586478975581,3.2448308613687815,7,5,1
3,3.3184031704960457,0.4546279645952973,1.8865155675456715,3,3,0
0,3.9794502036775574,1.486626312575947,2.733038258126752,3,3,0
3,4.113305171632222,0.1533218003928529,3.0178601513082257,7,6,0
3,4.519608433624031,0.37242056319248906,2.717890318568047,7,5,1
1,0.576675770552285,0.576675770552285,0.576675770552285,2,2,0
3,5.241032981769998,0.26274885227746864,2.9402231714622435,7,4,0
3,4.137696459026623,1.494331517005158,2.97025715720099,7,6,1
3,4.992168755471172,0.8933848625339031,2.7051009954371668,5,5,0
7,5.091797338628977,0.37457580625006726,3.169960574024312,8,5,0
5,5.325903495769598,0.1050059985477881,3.051717521524217,7,5,0
3,3.794635844666956,0.7033699803806858,2.0026318652417605,7,5,0
5,5.864048571405722,2.32493529079871,3.6064659305478473,6,5,0
3,5.531151286364414,1.3973470119378415,3.1074391038615885,7,5,0
3,5.456272751531841,0.3942894989625374,3.0790710758168753,7,6,0
3,5.9345184280082695,0.22049127903789362,3.1123245064787475,8,6,1
4,5.586165046115725,0.8954490343338828,3.060917569008026,7,6,0
4,5.9699152465825245,0.1555376213248406,3.2945339972235557,8,6,0
2,3.827871101533273,3.827871101533273,3.827871101533273,2,2,0
3,5.491750115210316,0.6232117562469578,2.8317102622903403,7,6,1
3,4.9574592983462775,0.7715890340901748,2.419706716412532,8,6,1
3,5.041713543446763,0.5536022661195547,2.2484648541913708,5,5,0
4,4.681497020752421,2.2922719817142356,3.641996659488214,5,5,0
2,5.002103699964343,1.0035767111390201,3.1132722684432452,4,3,0
4,5.295449208328039,0.5114650981008889,3.1832942998560787,6,6,1
3,4.966406165262045,0.6535145294093526,3.2023455287689173,8,5,1
4,5.751805657657966,0.3722346018151331,3.1566369968013834,6,6,0
4,5.781647494197117,0.9029040762338109,3.4776427517339994,7,6,1
3,5.420545749999989,0.6554528576150869,2.56216343056827,8,6,1
1,4.870208058037056,1.0283173135627117,2.549212616110632,4,3,0
1,4.269419518733221,0.7079958984455678,2.8181537439990363,8,4,0
4,5.625594528719558,1.1222874632080613,2.7314174630902306,8,6,1
3,4.954048807147288,0.4860074899208827,2.7978246085605702,8,6,1
3,4.493611054928167,0.11298357720245071,2.010837574537189,6,6,0
3,5.668282055551638,1.1419107948537341,3.0989669581666712,8,6,1
3,5.185616069656887,0.22808234921056442,3.2334114036050177,7,6,0
1,5.053090494760378,1.3362227700950502,2.9891559891541166,6,5,0
3,3.592315438458333,0.32204995375819834,1.7342264662977558,4,3,0
5,4.405382469311889,1.3523725510680127,2.6330142057958064,6,5,0
1,5.245877247254649,0.4037925064677059,3.729429044976936,7,4,0
7,4.992688738667442,0.1003039572421718,2.9343237423217694,8,7,0
3,4.766828088428906,1.4530242700754703,3.3927566917194634,8,5,1
3,5.8839920825288115,0.8337926475249976,4.07279982924823,7,7,1
3,5.957026541669328,0.5209345691814389,3.4498315504013246,7,6,0
3,5.055401047311893,0.21177747211257655,1.706684161138016,7,6,0
4,5.677591420310645,0.38775866225397626,2.491416355268012,7,6,0
3,4.508529733558164,1.6231733529083536,3.3339798152178353,6,6,1
4,5.4228405131557675,1.411866870430293,3.3498576715572965,7,4,0
4,5.651599115006866,3.9353730768905533,4.6162417489658685,6,5,1
1,4.55084854200474,0.5485849765750117,2.3114279744741824,8,4,0
1,5.755681831560226,2.067839916517551,3.3921114177854435,8,4,0
4,5.1472564816272595,0.45358701303685023,2.3386845423248177,7,6,1
2,4.167665773002514,0.5641200724247207,2.786375004839901,4,4,0
3,5.331715632065096,0.700633669859163,3.2713844948943787,6,5,0
3,4.407980794517954,2.6077963027922,3.2970139054025207,4,3,0
3,5.86990950586165,0.1933540133253264,2.7956741066354662,8,6,0
3,5.458782031283219,0.12129248236842816,3.336680834358589,8,6,1
4,2.9588655376018367,0.29016596465654104,1.6321337736901935,8,7,0
4,5.201989614102459,0.11571026600202787,2.8351070756556784,6,6,0
1,5.50631108701111,1.4329879009741333,3.33871134846682,4,3,0
1,5.520172173993039,0.15110980819158237,2.467115738707788,7,4,0
3,5.710110959185693,2.1606445293070418,4.497059649029551,4,4,0
4,5.843448840441255,2.3131378952318675,4.460666720123293,8,6,1
3,3.762918588139904,1.3692798672200583,2.4228844342011313,4,4,0
1,4.597007195890725,1.9351889881619178,3.266098092026321,3,3,0
1,5.2701792015348,1.026218536544579,3.1779298976191117,6,4,0
3,5.307657595593993,0.5947000031233342,2.2798552306288378,7,5,1
4,5.0525202153379505,1.8881671057306104,3.204375576703014,8,7,1
3,4.720204182672012,1.1841961721036705,3.460698985222805,4,4,0
2,3.7469295346172893,0.42495072230814845,1.7558507660445806,6,5,0
3,5.0571930461671375,0.4473532317691451,3.025289657687519,7,4,0
4,5.601152400520868,0.27981424869269833,2.1519256221430703,7,6,1
4,5.6417260894206915,0.9540135040831214,2.7877864929723666,8,7,1
4,5.61828660895933,0.17548296503129027,3.038469736330694,8,5,0
3,4.158083121713647,0.6532333091901413,2.416434590182266,8,6,1
7,5.476803345696714,2.150808885029338,4.079950873227129,8,4,0
3,5.954511957439428,0.153816934231065,4.1411515659623,7,5,0
4,5.155343556919623,0.19839030670490487,2.9588533681842653,7,6,1
3,4.296657684039809,0.3818997982628325,2.071592143350588,8,6,1
4,4.407906948206386,0.43214317365313615,2.5561980574478724,8,7,0
8,5.641640306326179,1.0841141683504265,3.5127143691772136,8,4,0
1,2.3037480185705768,1.0101482216139814,1.656948120092279,3,3,0
1,5.844039474322831,1.3909842053787185,3.997168536554311,6,3,0
5,5.393616349497558,0.5788495885730296,3.1402694135012674,8,6,0
5,4.263949137576444,0.6132150121413993,2.8095948964973365,6,4,0
3,4.744069157376378,0.52445472201905,2.496874059011616,8,7,1
3,5.736938811977319,0.3939402136040828,3.4478238753488415,5,4,0
4,3.9639502934778577,0.2981577807672793,2.0278637627536082,7,7,1
3,4.78790707363748,0.7155285535634227,2.8423463812298015,8,6,0
4,5.2964319928963315,2.1357968549861424,3.6627583614211914,4,3,0
3,5.660118931407522,0.627110795629743,2.070053113431736,7,6,1
4,5.009953615307937,2.730285076878623,4.110091915094854,5,4,0
3,4.781446126924692,0.5042779095749756,2.7893280100834583,8,6,1
2,3.7574838041874488,1.1492737931615076,2.4533787986744784,3,3,0
1,4.27934274405581,1.8876550367413218,3.1165555265578404,8,4,0
6,5.165714971689949,0.11577007768603939,2.2750489397124367,8,6,0
4,2.836495925881454,0.4006239206905806,1.5745537419597286,5,4,0
4,5.7753531698349185,0.8876020626753404,2.3147553054341707,8,8,1
3,5.26566367244227,2.3071461041182184,3.6077388242534063,4,4,0
4,5.397764774923745,1.0167653072308558,3.0533687096646793,8,6,0
3,5.968694569515188,1.3788373943116585,3.611649229314663,7,6,1
1,3.6900504050061795,0.21384041278969587,2.0982947392244755,4,3,0
3,5.670539536484422,1.9443463977539142,3.3942887794955325,7,6,1
3,4.881491524022084,2.254474947690778,3.885535687273798,4,4,0
3,5.999157371497908,1.2678566691611828,2.946364695443878,8,6,1
3,5.8055280667575,0.8557140475791136,2.7958644849723706,8,5,1
1,5.473575868888908,1.9283360732593695,3.700955971074139,3,3,0
3,5.843013731827561,1.256501544648429,4.193356234435435,8,6,1
3,3.408247049161636,1.0048690848053115,2.2065580669834737,3,2,0
5,5.681256984621715,0.9347937057130048,4.040249969552195,8,7,0
1,5.21374940975378,1.081708453606075,3.7356617906095075,5,3,0
1,5.554752540221992,0.6755788669290117,3.1059826675399336,8,3,0
3,4.9706239076227,0.6915770036809045,2.663428527709334,7,6,0
5,5.6406877895712855,1.635007619513652,4.225389183312933,6,6,0
3,5.85118763262051,0.7566234066266274,3.001182615411031,7,6,0
4,5.528792154173338,2.865405687368155,3.794751975476088,6,4,0
4,3.6618307463954505,0.11524352841659487,1.942769766700727,7,6,0
3,5.085208737511193,1.054828143000778,3.13207820662388,8,6,1
6,5.4466234120700445,0.7442107079479969,3.1534277964636863,7,5,0
3,5.7718357087484,0.41317376366226866,2.524220808380354,8,6,0
3,3.519505322042354,0.16357040947669757,2.456264016879122,6,5,0
2,5.417836565137218,0.49520974554367747,2.4939862667031787,4,4,0
2,5.582411255424576,0.24799516310823966,2.8554073207332955,7,4,0
5,5.051256934308929,0.1251441933862596,3.3055189663606117,8,7,0
3,2.932106066032056,1.5969547884654438,2.2078950888967093,4,4,0
3,1.0612538250758303,0.2533899751967391,0.6318066130007142,4,4,0
3,5.713923561910073,2.269095692992513,3.748293449340945,5,4,0
4,5.58078777125754,0.2582716162074274,1.8418327582966094,8,8,1
1,5.603869646206629,1.5965303053665838,2.900220991987503,5,5,0
4,2.3725906647431243,1.51049999776845,1.8757236587865795,5,4,0
6,5.729595884462631,1.4242000194636557,3.862539646041359,8,4,0
3,3.522850312056736,1.1445777472761292,2.1724291039164654,5,4,0
6,5.900991929984508,3.3027863670687845,4.5626541233723135,8,5,0
3,5.15302995228276,0.4036397672041022,3.0613103740756498,6,5,0
3,4.762468270137228,1.8105870349280864,3.2611776721593313,7,6,1
4,5.0728207756567905,1.62114465195064,3.209274895327673,8,7,1
4,5.595779217165901,2.910511169576966,4.381112793376189,8,7,1
3,4.969945530570898,1.3102115695183585,3.5697970133020034,5,4,0
3,2.8637715628492195,1.1840520008513054,2.0239117818502623,3,3,0
1,5.506091402402211,0.29164393917108394,3.3818972355598036,7,5,0
4,5.716403402322091,2.3292906488432945,4.664581558669366,6,6,1
2,2.128360030507731,0.870036979953216,1.7034785985156198,4,4,0
1,5.647214129290852,0.2947370025088807,3.044503423271461,6,4,0
6,5.77489477481006,0.729139497034569,3.622515237607523,6,5,0
1,2.165372950451111,2.165372950451111,2.165372950451111,2,2,0
2,4.584782535290803,1.56072959936497,2.9551679373534783,4,4,0
1,3.8614956555325763,2.7351177775241666,3.315146658585361,4,3,0
1,5.710636680330054,0.5434484169677918,2.2299093722129473,5,4,0
1,5.32473315272054,1.040929435388332,3.621745508240235,5,4,0
3,4.9228614722735555,1.1247187510135452,3.574661616824825,5,4,0
1,4.58542609496588,2.878943567920369,3.462571492285295,5,4,0
3,5.6400805452845475,0.5853874718147153,2.836684551603115,7,6,1
4,5.202841325904718,0.5020896109027149,2.2762081749763414,6,6,0
1,5.460431108812337,0.3997246001354572,2.8132065269685893,8,5,0
3,4.272585034379053,0.16174762781592833,1.8696724808936824,8,7,1
3,4.251799400809152,1.680557487718813,3.0872350508389332,8,6,0
1,4.3619645784084415,4.3619645784084415,4.3619645784084415,2,2,0
3,5.105476044996614,0.3726989992188853,2.6454796339465423,7,6,1
4,5.791532439244245,0.8368684087412018,2.7877766506558705,8,8,1
3,5.433822767038588,0.7531265494974122,3.6897880950686934,8,6,1
1,3.647611765342934,0.8686876828996798,2.555791706274615,4,4,0
3,5.551625187024533,1.4902431777296745,3.7708654726205673,6,6,0
3,5.3765300688096245,1.9135725946316322,3.1807127986382415,7,7,1
1,4.353870423093824,0.15595422274100895,2.6485737954864783,8,4,0
4,5.849800172791031,0.4130029180128372,3.907089545639483,8,7,1
4,5.211072612827472,0.48841810990784684,2.1658105484844987,7,5,0
1,5.51859737412051,1.3828231258352055,3.34339875212629,5,4,0
1,5.780680371029581,3.9195462643775763,4.907068293972936,4,3,0
4,5.899334869401,1.0648020176317372,3.2318419678867563,8,6,1
4,4.346247159663401,0.945172277615755,3.38403379599691,7,6,0
3,5.534353861782156,0.4097351857643695,2.4353698946302873,7,7,0
1,3.7696395684709563,1.4640662397076816,2.6569362237970164,5,4,0
3,4.767988636709147,1.1296531254721172,3.424431359511522,6,6,0
4,1.4057588856891732,0.21619354495478527,0.7679131980427503,4,3,0
1,5.086289669978685,0.9999095151529422,3.147409025186393,5,3,0
4,2.1463604075048273,1.0279669368586828,1.6783200069333974,5,5,0
3,5.688538438106469,0.6296690639649429,3.0443274808762584,7,5,1
3,5.430170095904149,2.160849485706026,4.4540696324776246,8,6,1
1,5.164096899800432,1.9529478766907726,3.3814976383654805,4,4,0
5,5.24838857773718,0.8913544713535727,3.9313087987040047,8,6,0
4,5.643331844595295,0.4229362350323391,2.7170631826279426,7,5,0
3,5.4861330360643725,2.592503434728639,3.836586351293043,5,5,0
3,5.003242284277984,0.39532543884820737,2.22854888763022,8,5,1
4,5.385404170344479,0.3257629249854441,3.375281356604171,6,4,0
3,5.958765869349631,0.6227104083590886,3.3839287069165924,8,6,1
3,5.700553717619822,0.11048785277913788,2.6256282655976677,8,6,0
1,5.760621252264506,1.4173291600510125,3.8220883136254407,6,4,0
4,5.668534017095051,1.6352526000620162,3.101425158595831,8,7,1
4,3.684958743259838,1.8954996212609723,2.520728064409732,7,6,0
3,5.053930652532967,0.6865877966084777,2.9343989510358934,7,5,1
2,3.3302849205946212,3.3302849205946212,3.3302849205946212,2,2,0
4,3.823474672463992,0.17781859854584553,2.0348033429872308,8,7,1
4,5.916903279012328,0.5688604914932934,2.7819244073545266,8,5,0
4,5.943180801731886,1.248443378652894,3.044429118331084,7,6,0
3,4.690135686331298,0.4285520860899066,1.9257126307974732,8,7,1
1,3.989841484106176,2.220611772425426,3.1235100340561535,4,3,0
3,5.113824260683265,2.087204016817759,3.582440717118145,7,5,0
1,3.2105059509323466,1.834086026629897,2.5222959887811216,3,3,0
4,4.890906718727233,0.5890958750670525,2.3626236599536883,7,6,1
4,5.223007419130115,0.5159298855175561,2.9206500921116825,8,3,0
3,5.029885062141541,0.534672992988148,2.532718822884661,7,5,1
3,5.59100829375399,1.6557962654514644,4.313210779376175,8,5,1
3,5.816052102052214,1.4006222564341009,3.423803048000383,8,5,0
4,5.996010900483549,0.3818216775310459,2.4413017400541652,7,7,1
3,5.683559021435424,0.7169421393408554,3.361803639594161,8,5,1
3,4.76430092321672,3.6378966978630416,4.2010988105398805,3,2,0
4,5.630418678026111,1.6665953913614169,3.9463238833212015,6,5,1
1,4.913340056072429,0.12541130347094265,2.3542904796256297,6,3,0
2,5.647788701099671,2.1684980986944025,3.9081433998970367,3,3,0
5,4.1441260832208675,0.25789712577357604,2.086886073140826,7,7,0
4,5.708441062079493,2.4600336837536614,3.9558415699152554,6,6,1
4,5.930544019609598,0.7284896995841234,3.5552220069416864,8,7,0
4,5.453973508094696,3.6135581453434904,4.713489472356906,5,4,0
3,4.250557296555108,0.315430628809249,2.005599097794377,7,5,1
2,5.674397742996058,1.832975474805928,3.7536866089009933,3,2,0
7,4.237845142641253,1.476431744001371,2.808846450482654,8,6,0
3,5.450541880037244,1.935588530014559,3.9413704729867427,7,5,0
1,5.773021266242545,0.712217388058101,3.1959437472960284,6,4,0
4,5.581657287610074,1.2568491278395133,3.3810753539631504,6,6,0
4,4.237642720800795,0.6456837731493228,2.8067932004821636,6,6,0
3,5.377822809026585,0.296931083794567,3.001390970349336,6,5,1
1,2.9183765996173796,2.9183765996173796,2.9183765996173796,2,2,0
1,2.3926289186169223,2.1001069556514618,2.246367937134192,3,3,0
1,5.638161903964182,0.19189557656335407,3.41175966546296,5,4,0
4,5.910981069626034,0.14181910293304606,3.106151534953557,8,7,1
4,4.650764736586898,1.2359060929335939,2.6683689634777843,7,6,1
3,5.34491118765786,0.4620317575023082,3.0757580942700877,8,6,1
5,5.9281724193971455,0.5142229957495601,3.003738216670961,5,3,0
3,5.905890830949306,0.8172290767437539,3.6627273102294162,8,6,1
3,5.487059050734993,0.4900938998280461,3.0983004623502217,7,6,1
3,4.711158990164775,4.03190840929409,4.3703716604492735,5,4,0
1,5.624066234382617,1.9468257791664718,3.6988906190994135,7,5,0
3,5.53858927642746,1.5650441551839214,4.088804838172533,7,5,1
2,4.720606684159117,0.3733598397218102,2.031590150649499,5,3,0
3,5.061375755595175,0.42913909665084027,3.183625968997717,8,6,1
4,5.731725218907174,0.1932871953257305,3.409124582680039,8,7,0
1,4.798193834272098,0.5275155369759025,2.662854685624,3,3,0
2,3.981574277978004,3.5776796903451236,3.7796269841615637,3,2,0
4,3.6497014500231457,2.2181176547914796,3.0918621468501706,5,3,0
4,5.542262957175766,0.16991179726024067,2.464897536877508,8,6,0
4,5.693640525475925,0.2807123310807931,2.5446933255984017,7,6,0
3,5.965935105541449,0.9623019077659791,3.9287320749921277,8,7,1
4,5.525963649262393,0.1157493135662655,2.3132311903566043,8,7,1
0,2.7502157955261133,0.2327842291253637,1.4915000123257385,3,3,0
3,4.994666134366139,0.509193045477836,3.208980581357515,4,4,0
3,4.41090745948779,0.6391090179841535,3.061327190336258,6,5,0
4,5.274969430418443,0.16333855224096683,1.6968944746440795,6,4,0
1,5.275216417265845,3.874495186809319,4.332318786340151,5,4,0
3,5.885604546703101,3.488462309367175,4.6870334280351384,3,3,0
3,5.409126835531754,1.4045698488608782,3.167837274853835,8,6,0
1,5.468301578544479,0.2112733423579868,2.0529376090869955,4,3,0
1,4.7537958125237125,1.795626339404912,3.565163405909251,4,3,0
2,4.4003222850690795,0.6604037895040846,2.521101711008893,4,4,0
1,4.341141897139954,0.6824213885647544,1.8759235136310022,6,3,0
2,4.779781626759077,0.8856388129136531,3.008733289184125,4,3,0
8,5.970845075600535,1.128705092792773,3.7756919446054527,8,5,0
3,5.02546153941232,1.9841136596247548,3.4969180544021943,5,5,0
4,5.786661556486725,1.6028898586333398,3.867970766978508,5,5,0
3,5.761783344176449,2.2710595112140637,4.281467039640409,8,6,1
4,5.897071120368533,0.6207535366054701,3.4917819128791336,8,7,1
3,5.832238653618816,1.575673325496294,3.77418361537586,6,5,0
3,4.51516667913685,0.8664377731274976,2.784268265697514,8,6,1
4,4.55509801037909,3.4762452733915885,4.284331448551754,6,6,0
4,5.616743501923739,1.3999275352532983,3.999551373607481,8,8,1
3,5.818011440297546,0.4017823591784324,3.7304240087592473,8,7,0
1,5.781763475052772,0.7508840480073852,3.4225632502226206,5,3,0
2,4.649991427845405,2.125822909775186,3.2776490377133047,5,3,0
3,4.064393440869358,1.4155131581381235,2.8128610417382305,8,6,1
3,5.976864304489307,0.677383932155258,3.5450691410136654,8,6,0
4,3.9797747258148313,0.11542287917721446,2.769724449148568,5,5,0
3,4.298436186881296,0.1805588364165145,1.9351529489059818,5,5,0
3,5.775831245747531,1.4228290782368953,4.320773133517455,7,6,1
4,4.058733363408726,0.8013987159727998,2.215783402963521,5,4,0
3,5.3287562064598575,0.5415358023562522,2.890042677339187,8,5,0
5,2.8745546816565923,0.3168123196186986,1.7903424348163826,7,4,0
4,5.743656117809706,0.7358639683646904,3.4518377229215007,8,7,1
4,5.8727047755719735,0.9816202435454395,3.133470221917309,8,6,0
1,4.886543233271754,2.1066452683935366,3.0915059240656784,4,4,0
3,5.918367365978273,0.9077009236822711,2.9932185425305042,7,7,1
4,5.9000001127700585,0.20249483573493335,4.194348580379633,8,6,0
3,5.5044469745989195,0.2401662276264493,2.556021038194318,7,6,1
2,3.5457098387571135,0.2956711485748383,2.113231428727658,7,5,0
3,3.3522748226628845,1.242460607339559,2.032330844377466,4,4,0
3,5.525901189935414,0.3485299863574147,1.95038944003754,7,5,1
3,3.4019927986896623,0.419432221068319,2.4465991648919907,7,7,0
1,5.887019329378685,1.0877250916227084,4.649324340817157,5,4,0
5,4.469844698892023,1.6974352262713803,2.7515410091026773,6,4,0
3,4.917760751366692,1.383361593432624,2.7455217211754555,7,7,0
6,4.8817346983520675,1.639140222841163,3.0317252581554026,6,3,0
4,5.725625087585675,0.6098225723165813,3.264911652046339,7,6,1
2,4.800228581089772,0.9043520400273211,3.4994722063137225,4,4,0
2,2.6815263678013546,1.6172292821497136,2.149377824975534,3,2,0
6,5.7858012585599266,0.16238934911713776,2.7257448454317488,8,6,0
2,3.537536502553602,0.8269430271736679,1.6796546926123421,5,5,0
1,4.698722366774015,0.11630215490367844,3.2409434359173965,8,5,0
3,4.9793603210364905,0.4234031243670292,3.327014579669599,6,5,0
2,2.7115440191544984,2.300641543558658,2.5060927813565783,3,3,0
3,4.051176265752916,0.30642775197029204,1.7218736610786896,5,5,0
3,4.447764490816831,0.2656545891346431,2.369719798680912,8,5,0
1,0.2933554461841248,0.17053555726682929,0.23194550172547704,3,3,0
3,5.222121091447487,1.92446931824825,3.661783509460681,8,7,1
1,4.0467994393842845,1.0780046368488843,2.562402038116584,3,3,0
2,4.340912409469605,2.1604093327634466,3.067363889914438,4,3,0
1,4.797706016409441,2.4332710592090767,3.6154885378092585,3,3,0
4,4.626022656348922,0.12831110910436289,2.946681924749245,6,5,0
5,4.369165332666146,0.5651606419883031,2.570187435399341,8,6,0
6,3.5075969918911336,1.177678353524049,2.3942246581067748,8,7,0
1,0.787703987465218,0.6733101332041395,0.7305070603346787,3,3,0
3,4.977841482338029,1.3369035423447218,3.0196439513119477,8,6,0
3,5.694798827339012,0.8921086292791829,3.127137880084484,8,5,0
1,5.813474820397813,4.845755939657263,5.265678415493698,4,4,0
4,1.8997778764435576,0.12902721195411454,1.1802582863415398,5,4,0
3,4.871165843318407,0.9499353935332526,2.813181796667434,8,7,1
3,2.766322598420836,0.5087001308056776,1.7640546296057218,8,6,0
0,4.36005774229883,4.36005774229883,4.36005774229883,2,2,0
3,5.947173448485245,2.0639409364356154,4.334542350352888,6,6,0
4,5.064785682909029,1.5301666884824683,3.7563433732747398,7,6,1
1,5.657170868569618,0.4664045527571353,3.3741655898980643,7,4,0
4,5.76530951249305,0.4118594546449251,3.602492619701367,7,6,0
6,5.24600872739101,0.4694994383962777,2.1970869207780352,8,6,0
1,5.184419968075131,1.466716083038393,2.6639025579771514,6,4,0
3,5.6350356192216235,0.34487137255713285,3.7379727624536594,8,6,1
3,5.054436977055814,1.009281000959057,2.836067400146956,8,6,1
4,5.673972338403115,0.903485747591459,4.040145976235245,7,7,1
3,5.964254059533282,0.1371237917567185,3.357962445370592,7,5,1
1,4.898268392931725,4.550914448237416,4.72459142058457,3,2,0
6,5.728834919908695,0.8614852493017352,3.974418582676181,7,5,0
1,5.654957971292585,4.6780998753567395,5.1665289233246625,3,3,0
3,4.7530901268272485,0.346377030040941,2.403132621371224,7,6,0
3,5.9000775076680245,1.829712925219096,4.256325427532027,5,4,0
3,5.198938634875312,1.4737953753255029,3.2174950215152447,7,6,1
4,4.502154615965943,1.3226516552696572,3.454005622284167,6,5,0
4,4.096602224024123,0.2711437781330042,2.228307608996778,8,6,1
5,4.338623750794463,0.24177373091475857,1.814328541607409,8,6,0
3,4.579320102318638,0.41471214138540613,1.9347897054746728,8,6,1
3,5.988108424698887,2.2583045191176407,3.841553089884362,7,6,1
3,5.74670939113991,0.5384093590005453,2.5633482995966537,8,6,1
4,5.660184862267023,3.906902599792554,4.901865655379483,5,5,0
1,4.2921419907027785,0.45424920575769967,2.207692085128758,6,4,0
5,5.7113213735404065,0.9348296379379516,3.4550819443781804,8,7,0
3,5.280514645938652,1.1199478115008945,3.1583259708931193,5,5,0
3,5.557930503204962,0.2587669876638602,2.5479816280299143,6,6,0
4,3.606626424290734,0.14815034873358102,2.2515521867795125,5,5,0
4,4.145147799537593,0.6143869533782673,2.6205478667407083,8,7,1
2,5.30882174898127,0.9893501181373552,3.678506896911982,5,4,0
3,3.5931718391914367,0.30278189450719056,1.6104223462715637,5,4,0
4,4.297287710118223,1.8819095863138142,3.2030573984901,6,3,0
0,5.22627177746241,4.0889922715478875,4.657632024505149,3,2,0
3,4.9181801014209015,0.9944663604920874,2.9083403823852514,8,6,1
4,5.338353494453788,1.3841647682757077,3.881372343081144,8,5,0
1,5.91800629399114,1.707341937131016,4.260958852581782,5,3,0
1,4.975620401067983,2.1458393993352525,3.3220159132936073,6,4,0
4,5.762118041445982,4.006608420126381,4.93223000909193,4,4,0
3,3.603467067215288,0.18061919612946273,1.8792714493560883,7,6,1
1,4.119004743381037,0.1525249020008019,1.69008266779717,6,3,0
3,5.081842169766595,1.1773735439449218,2.3466181309904584,5,5,0
8,5.060304675317123,1.5360943962775897,3.4525476294443616,8,5,0
3,5.462366353843595,1.0740496850899188,3.356101047573215,8,7,1
3,2.9974533187126458,0.327687649890154,1.6379822934295434,6,6,1
2,2.457851524801304,0.8187868217741977,1.8303016090989495,4,3,0
3,3.684673689169265,0.28318143466495815,1.759818785314633,7,5,1
4,5.932967940530277,1.270587124760449,3.888293747259159,8,7,1
4,5.878566218258695,0.14097720252154952,2.1820994417578916,8,6,1
1,5.881057722575675,1.625962762335854,3.6579207039268837,8,5,0
3,5.360378654646428,0.5108358049017022,3.17063075812442,8,6,1
3,4.303916314978316,0.3001642517150547,2.834254280004207,8,7,0
4,5.887732411750291,1.8327337057539093,3.7248562579055506,7,5,0
1,4.720619929424975,1.1863350412397522,2.6909490513701995,8,4,0
4,5.737743447964969,0.4128227981473116,3.3552461988440925,8,7,0
1,5.256345029134557,1.5125050994875222,4.093512766415963,5,5,0
1,5.170727089731113,2.952020149655593,4.122261222464942,8,4,0
1,4.399683176732023,0.5884468735437317,1.9348421357875776,6,5,0
1,5.934188452791266,0.8036355752407971,2.516889748947406,4,4,0
1,3.501717943691548,0.4560687748615906,2.0669692620491475,4,3,0
1,5.999934269916347,1.5229350032847069,3.85686365102452,4,4,0
4,5.595386698539257,1.0252623521582962,3.203114289641618,8,6,1
4,5.832376131078451,0.45637660939676905,2.758161533916284,8,6,0
5,5.853039339480269,2.474815112889452,3.9457049425576667,7,6,0
1,4.180230746922231,1.8963637641881939,3.3497143613327536,6,4,0
3,5.194543714726168,0.44966456390388687,2.5837763519942736,5,4,0
4,4.663143378709913,1.729442349298986,2.944693672205858,7,6,1
4,5.168716805612156,0.8810236659146596,2.342581669222194,8,7,1
3,5.717008004589144,1.1137999342596456,3.58105576756409,7,5,1
4,4.421400601777986,0.610594099408501,2.0563814698386413,8,7,0
3,5.902322093739112,0.46490775755583547,3.333496260354322,7,6,1
1,5.684164285269312,1.0401111428637078,3.9063926576960744,8,3,0
3,5.3870791904685875,1.306042384237611,2.7740384126217634,7,6,1
2,3.8303088523283195,3.270696303506949,3.5505025779176345,3,2,0
4,5.080488455783732,0.9500687842485948,3.0605859971625513,8,7,1
4,4.961055556362741,0.2776928060273235,1.7566873973697654,6,6,0
3,5.490861291483869,1.3462386427356727,3.2676620567148094,8,6,0
3,4.077736665916255,2.3073724587977633,3.380164915178493,5,4,0
1,5.274010553791419,2.6718801488203483,4.130297795365359,4,3,0
3,5.943755251588073,2.8790843706753835,4.261847496511307,7,6,1
3,3.2136491885498137,0.7086638913974216,1.74677777702153,8,6,0
7,3.6197678622747427,0.14261379008195824,2.3744109492257217,8,5,0
3,4.45615191182358,0.4160946703161329,2.1488971920384636,7,6,0
1,4.405311722357422,1.1030699460784668,2.235335531381148,7,3,0
3,5.85935967093155,1.894820093001805,4.002465276084709,7,6,0
3,4.914934295688005,0.4438496965368306,3.096756457851828,8,5,0
4,5.674080879226943,2.0209332642818305,3.9101160311740935,7,7,1
6,4.813200840161599,0.6343682736243944,2.669340418024422,7,5,0
8,4.934525809283051,0.356036755269453,3.16397941887393,8,5,0
3,4.669717988831593,1.4115189363003113,2.1911658519020936,8,7,1
4,5.437790872662992,0.4457295533301795,2.9966876146651145,6,6,1
4,4.434466300104827,3.538749605587881,3.983316378522503,4,3,0
1,4.551896632482592,0.3612504170207411,2.4565735247516667,3,3,0
6,5.427350849428027,0.36204531975232324,3.823415565376362,7,4,0
2,1.4075042975519454,0.8730306654128824,1.2196391859483315,4,4,0
3,5.268230063596648,0.7249753098931687,2.6742965967853864,8,5,0
6,4.511274285573904,0.423314192668533,2.619275547858922,8,5,0
3,5.579341278975391,0.6598444265415773,3.0407119362809545,7,5,1
4,5.119069688794345,0.9708585480222796,3.4520879081660576,8,6,1
1,5.657873590079462,0.8951378937686859,3.054292964996285,8,5,0
7,4.173985111095165,0.7266790978828841,2.357597763539635,8,5,0
3,3.894998749900513,0.3835910931648915,2.1915943247630922,8,6,0
3,2.5909359204376194,0.38882381670948607,1.4666285440999451,8,6,1
3,5.271012397055183,1.5937183000530435,4.25817182115919,6,5,0
4,5.461221839332287,0.16817374143505914,3.5591967131371023,8,6,1
1,3.6894927553723145,0.3396673796620835,2.28064055157092,5,3,0
1,5.170428725936979,2.780375235427059,3.9630014697257434,4,4,0
4,5.8064306243179535,0.6647846818372757,3.880806697901211,8,6,0
4,5.748157801402348,0.6003338814799647,3.3807892043469785,8,8,0
3,4.86669077316859,0.85210080290886,2.9499553887102157,5,5,0
3,4.134513099063777,1.0286677565515345,2.695413458161421,6,5,0
3,4.329111098744632,0.9703541569524066,1.6202700290094434,7,5,0
5,5.739160674888095,0.433735458574647,3.3234735372538564,8,6,0
3,4.342052994685318,0.6171740495537599,2.3329955742772994,6,6,1
3,5.536005142191545,0.8291193704240736,3.4343559558523107,8,6,1
3,5.268110054905655,0.3662813168936758,2.9138318491993793,8,7,1
3,5.6479021358379145,3.0033086625783296,4.248090402848665,7,5,1
2,5.843202072453196,2.1284414564143055,3.780408701186763,7,5,0
3,4.626743125493837,1.252987905733392,2.7904495444628767,7,6,0
4,5.822983795446762,0.7888551257467996,3.436783185425295,6,5,0
4,3.3687116730487237,1.585415480172751,2.7364017104150666,7,5,0
1,4.983994251886519,2.73580201392084,4.088798125184969,5,4,0
3,4.6850999595626135,0.6621625294859355,3.1616104830414096,7,6,1
4,4.851089464033911,0.5815552445981008,2.525254707869082,5,5,0
4,5.596283455252468,1.3598479070354434,3.2440922841829725,6,6,0
3,5.603737628165255,4.734396908623781,5.150665089957767,5,3,0
3,4.297492049650498,1.879014782894829,3.015948401072159,5,5,0
3,5.976254051098793,0.8719194083069363,3.758082299292902,8,5,1
3,5.583335794441361,1.0450509003366295,2.8303047586503274,8,7,1
1,5.165165737484248,1.6094460862698283,2.8960005433210214,5,5,0
4,5.777894723643264,0.17387811259938568,3.1389177713511676,7,6,0
1,4.763620014275707,0.8886134692825665,3.105211826385954,6,3,0
1,4.007319019637197,3.462529258280907,3.7349241389590517,3,2,0
5,5.493460480580337,1.17205228801123,2.7601451122079834,7,7,0
1,5.890536920541972,3.9811606155692987,5.224852974149326,4,3,0
3,5.70317396388397,1.5892796143362111,3.9808366067036247,7,5,0
5,5.599099873917199,1.0848274687840327,3.9324215324917566,7,3,0
3,3.0296139362891763,2.085077945884938,2.557345941087057,3,2,0
5,4.751046688840512,1.3366383107691422,2.814384817067746,5,3,0
4,5.144295359914273,0.17661776326226727,3.003588807564784,8,7,1
1,5.8337385198591205,0.5400559845800413,2.1162298270347617,8,3,0
2,5.609237879279204,0.6737679557602482,3.599732953833878,6,5,0
4,5.540611376299643,2.3503799623229895,3.6627340621134223,6,6,0
4,3.5457966490533104,0.365821645600234,1.8769571984237619,5,5,0
3,5.88740313748692,0.4370955977336849,3.221545004537156,7,7,1
1,5.271017801645895,1.0260392154194604,3.347875265703196,4,4,0
3,4.921222080303949,2.497175346311019,3.4487786803238776,7,6,1
1,5.957870326540048,1.7020972103914445,4.396280653513278,7,5,0
4,5.3216227988253815,2.9910131732681293,4.33698628763911,5,5,0
7,3.5418680387346306,0.5620099250848277,2.0952516584279546,8,6,0
1,4.377352760062162,0.1328047908770541,2.8009900617713606,7,5,0
5,5.214707649923184,0.2592147901537856,2.815943955022242,7,6,0
1,5.556985862383172,3.524040767640506,4.5405133150118395,3,2,0
1,4.467964229708044,1.8873687904961811,3.1776665101021124,3,3,0
3,5.734070065406298,0.4167458510503329,2.9365741035154946,7,6,1
2,5.862843976577483,1.647987804503774,2.9891741169422947,5,5,0
4,5.144576747076373,0.23526868880121987,3.47201560611493,7,7,1
1,4.587105407247832,0.27106059629153517,2.429083001769684,3,3,0
4,5.659763989646179,2.937223652025007,4.362273857488708,8,7,1
1,3.0027071284067057,0.851518350145661,1.9271127392761833,3,3,0
4,5.330041374838192,2.2438546158576216,4.157441317970564,8,7,1
1,5.58520982943332,1.3570937078734564,2.7997340480627044,8,5,0
3,5.21454085010997,1.2159390575761801,3.598379497567802,7,5,0
3,4.462207101244602,0.5879718186358628,2.5250894599402325,3,3,0
4,5.9636986164464965,3.34987275463054,5.087853990081626,5,4,0
1,4.709303657852872,0.8327677323295267,2.3101305297812913,7,4,0
3,5.789528219084057,0.2258516517313492,3.554604127652696,8,6,1
3,5.211652672668061,0.7931025241406258,3.0251972077207117,8,5,0
1,4.019377351473924,1.282819690275772,2.8464091335191113,4,3,0
3,5.8094511734687,0.2919427755700882,3.3081945458189455,8,6,0
3,4.515968000792931,1.698281968407805,3.528379124385152,7,6,0
3,5.162325653429401,2.9675151419453614,3.7969890325817377,4,4,0
5,5.237854065282533,0.6809529474095651,2.9923723636715676,8,7,0
3,5.627475444439663,0.8312076404214374,2.9962082568741653,6,5,0
4,5.166937023146584,2.0625834494753974,3.335251515804174,7,6,1
3,5.366973104690833,1.7768300796283265,4.2238538517878945,7,5,1
3,4.7497434913252565,1.2651200763783752,3.171098953065361,7,6,1
1,5.587762376633736,4.681487091313143,5.134624733973439,3,3,0
4,4.677268336831085,0.8311569654584443,1.9072113042780254,7,7,1
4,5.001599243617282,2.083650058043063,3.560912135950813,6,6,1
3,4.8408440454939505,0.27681883250309675,2.9433637252108293,7,6,1
1,5.334284814244006,1.4160984412336153,3.4965570156049437,7,5,0
4,5.901612010497377,0.24421836196750898,3.005264104933519,8,6,0
2,5.06319219996925,0.2945720188723959,1.8631651357581955,6,4,0
1,5.966269423195408,0.47042510436196816,3.0907187305376147,7,4,0
4,5.296000577327675,1.8639681177122245,4.000122038228305,7,7,0
2,2.9363344255146013,2.6662923673048757,2.8013133964097383,3,3,0
3,4.622325742519807,2.8322901675450836,3.9490433674919774,7,5,1
4,5.142951470493384,1.7084943361235045,3.4140637612951767,7,7,1
3,5.704248295856556,1.9051367841687628,3.325038710557511,4,4,0
3,4.881204543482625,0.9506191041790454,2.4988719819331955,6,4,0
4,5.054714902644758,1.533660075243081,3.826404830221627,8,6,1
3,5.889365935192675,1.3259535942925693,2.969837957357572,8,6,0
4,5.3478923769351505,2.0343621875816416,3.736772769941299,8,8,1
3,5.507727588966745,2.6036595660501405,3.7535626739911505,6,5,1
1,5.776560001544051,1.1476724106791216,3.8491886623608225,6,3,0
3,3.826275840321104,0.3991841321617794,1.7236309588383425,5,5,0
4,5.128083686748504,1.4890513533384262,2.7752681643460386,6,4,0
1,5.52854733610191,0.6651524648757772,2.588640103915179,7,3,0
3,5.4110648769713725,1.8432854177373266,3.926463766367123,8,6,0
4,5.990220896433047,0.357990209550926,2.87705882936082,8,7,1
3,5.647041630887917,1.5782256012914035,3.0881335874293456,7,6,1
4,5.346630138642861,2.2018554078801014,4.254775747126527,6,5,1
4,5.831680383154759,0.5910516457048297,3.7588765019255455,8,7,0
3,5.813074403876169,2.569760194063169,4.057668020346094,8,6,1
3,4.26695597704706,0.9726433776417138,2.4144501039510313,7,5,1
2,5.151544572199945,0.4822801538233714,3.166541664349629,6,5,0
4,5.885075154589272,1.2231319820743487,2.8354983615432414,7,5,0
2,4.656251698531184,2.943764209606818,3.800007954069001,3,3,0
1,5.803275792341503,0.1632715961924243,2.872739482303741,7,5,0
2,5.530511791079144,3.8027584451180947,4.840886593024474,4,4,0
1,5.715854484312464,0.6569231175789687,2.4748324593427653,6,4,0
3,5.365631777564529,1.5593574697755221,3.697735825161583,7,5,0
1,5.575650855580872,2.1672745805593085,4.3514081358435055,7,5,0
1,5.6565728102274635,0.9685089726005673,3.6679201587854173,7,5,0
1,4.003664450576728,1.0446795942109262,2.524172022393827,3,3,0
3,5.940170015972459,0.11904382681136318,3.7597795502163,8,4,0
3,5.968515706822354,0.24232693488807958,3.071389973578091,7,5,0
3,5.2975536335796365,0.5992983157741146,2.970330117450282,8,5,1
4,5.419314686815265,0.8087460452952446,3.5369709292762357,8,7,1
4,3.0263357006449563,0.3648143052114289,1.7276600813752174,6,6,0
7,5.884227322524059,0.7667333304239793,2.7647604076300203,8,6,0
4,3.666021751718703,1.9106801299403973,2.9455118941209686,6,4,0
2,3.878430973811346,0.4633338251148674,2.0652459428921985,8,6,0
3,4.6114672584471625,0.5501804444742386,2.176156124637344,8,6,1
1,5.741016539906428,1.5961285943710914,4.004300720411691,4,3,0
1,3.5161538802390324,0.5879539720634187,1.8995420627023099,6,4,0
3,5.7960731047831295,0.5653778486416698,3.366744903018831,8,6,0
2,3.8803603416954164,1.3177354839703348,2.182341665843668,4,4,0
3,5.409596319610409,0.286779827301112,2.068159176571412,8,6,1
6,5.350481901899155,0.692477787292944,3.180874082338285,8,6,0
3,5.503630702259077,0.7263152536497678,3.038346493837458,8,6,1
3,5.829670594067399,1.993661152868044,3.81026946994863,8,6,1
3,5.145037600495277,0.4139427072841788,2.0703755289024506,6,5,0
6,5.935942075101522,0.11915430859470705,2.2215511220526785,8,4,0
1,5.714917557153743,0.46614765761886723,3.2691219332859935,8,5,0
4,5.484519552481891,0.6039050911907491,2.2042622090652997,8,8,1
5,4.4183999369307525,0.3454703937629738,2.6245945188816044,7,5,0
3,4.077257157583886,2.2219731056081766,2.9880861594966763,4,3,0
1,4.837663941783493,1.1040853478409476,3.1022735125279466,8,5,0
1,5.7727173725867305,0.14035509848125227,2.090299119728337,8,4,0
1,5.422810729488162,0.35345501301933924,2.1191928305115844,7,5,0
3,4.815810507082651,0.8352830995546908,2.6670049364994797,7,5,0
3,5.977249928282689,3.5026133181910897,4.854365590914017,5,5,0
4,5.279151475044783,0.4636542741399704,2.3453577017263307,8,6,0
2,4.320066170690888,1.5791633435421315,2.9496147571165094,3,3,0
3,5.957846271570288,0.8942317601484728,3.3648462011278575,8,5,1
3,5.830912445340871,4.2347200920539025,5.15006819853299,4,4,0
2,4.160080275724667,1.1530210411667905,2.7683171239759137,5,4,0
2,5.850292818335131,1.1787965316350564,2.6508675828028196,7,6,0
1,4.79070986490431,1.225273576052713,2.870604556158896,5,3,0
3,5.493106887444769,1.1658091562927484,3.3439374293213326,8,6,0
3,4.121983685446726,1.9806160522381495,3.544271581015482,6,5,0
2,5.980294697486641,4.909065136080751,5.597150936172528,4,3,0
2,2.3122418763947987,2.3122418763947987,2.3122418763947987,2,1,0
4,5.486365904338975,1.2671366297841442,2.9155346830321407,7,3,0
4,5.411325925496556,1.1107579325214902,3.5353424891367164,8,6,0
4,4.480726494876268,0.6679777863087258,2.714391958006279,6,4,0
3,5.866229229996485,2.19734214493181,3.6049381049294267,6,5,0
3,5.443097658752939,0.9299341171966606,2.9642673721903523,6,5,0
4,5.332373622622089,0.7610175767956139,3.0482284773122257,7,6,1
3,5.693145730569442,0.5165758835422383,3.157738337700422,7,6,0
2,5.944140753368631,0.7204157180803051,3.260622225071819,5,4,0
1,5.514402088990368,0.24004049010159675,2.6391568706852078,7,4,0
3,5.4970884832651485,0.16339566362488414,3.1005163568709686,7,6,1
1,5.076387296848594,0.22278306063972256,1.5665688748659508,7,5,0
5,4.583051495679109,0.8856321482302115,3.3097281756048758,7,4,0
4,5.358211636358326,0.5528554670032848,3.649044656992748,7,6,1
6,3.050596273200658,0.4750492079902565,2.281595136338404,6,3,0
3,3.0894053206716023,0.3461464907127356,1.5830394798282066,8,6,1
3,5.774858350675076,0.28066431538704006,3.4544641191604004,7,6,0
2,5.270599361198499,3.1089927491215184,4.409417754650037,4,4,0
1,4.626523488683072,1.965580732262201,3.3913351900221302,6,5,0
3,5.865014799101665,0.14975566884583172,3.1658255518118277,7,6,1
4,5.628122567236383,1.6751824070979031,4.055914347931911,6,5,0
1,5.560844043908028,0.22781843123784706,2.6002041328188557,8,4,0
1,3.356515438276439,0.5827304398918023,2.150496489439435,4,4,0
4,5.771016627070562,0.44983529153953716,2.7699110514567895,6,6,1
3,5.880006207474133,0.5847689939914956,3.7718270372945106,4,4,0
1,4.552833421319534,0.8941623800765766,2.7392404882605526,6,4,0
5,4.886584724367865,0.43657749920050926,3.4437605706821772,8,5,0
1,5.615881988499418,0.7211644193652156,2.5225924470607457,4,4,0
1,4.911984762492439,4.167104538797118,4.539544650644778,3,3,0
3,5.430817723853007,0.22728629149354912,2.819563195969947,8,7,1
6,5.264501367743919,0.530933009442331,2.5083290286321906,8,7,0
1,5.868847737326407,0.29498662372557,2.5912831655713515,6,4,0
3,4.979483450530152,0.6030996758508436,3.0557073822789325,8,7,1
4,5.127384400932199,0.28525672614229663,3.099834634762241,8,6,0
3,4.970315042526246,3.115938871578756,4.092958037801535,4,4,0
3,5.306866003283913,1.9652982903187701,3.903345213088854,8,6,0
1,5.467507558416493,1.783117946935961,3.3004337414795444,5,3,0
4,4.859721697210753,0.15138376787706748,2.2944324162042573,6,5,0
6,5.985483106364197,1.3265668699991,3.05932841033543,8,5,0
1,5.094019278880699,0.23062192892374464,1.8561164552634961,4,4,0
3,5.019783509155285,0.35678820197448935,2.5979090901874295,5,5,0
3,5.367259292935427,0.7145018508233365,2.730885143682596,7,6,0
1,2.2932244527819217,1.3838790578917246,1.8385517553368231,3,3,0
4,5.267494825156408,2.1906308352679096,4.130621256638468,8,6,0
2,5.257082971920009,3.0087679072232563,4.132925439571633,3,3,0
4,4.622028802568121,0.3385660800425197,2.963452023212105,7,6,1
3,5.632567527901813,2.166268605281737,3.969360453683496,7,4,1
4,5.472856616503373,1.4524968716317819,3.288190061654299,7,5,1
2,5.78400074671281,3.6866761823561833,4.735338464534497,3,3,0
1,4.56388299297013,0.49950218289354487,2.4317627712050114,8,5,0
3,5.425363124930818,0.255438898510995,2.061214146441703,8,7,1
4,4.025067455905749,1.336595692214742,2.7914189516772048,6,5,0
3,5.3729684455272455,4.137746742166134,4.712384874847437,4,4,0
2,4.32547261945434,0.10152635115551743,1.8511311320384085,5,5,0
1,5.681849767786264,0.18118755543532156,2.1414581310924077,8,5,0
1,3.7891133421877887,0.2417104928029181,1.7942358951542847,6,4,0
4,5.461517570783606,0.35425537042609134,2.3845510923378046,8,6,0
2,5.737066473072682,0.7158655657398891,3.17099724119007,4,3,0
5,5.2727763539388,0.7256686439608346,2.65929203579313,7,6,0
3,5.376999639755696,2.574844699542783,3.7412753923690762,7,6,0
5,5.7027432400042075,0.42214819589421726,3.1552277018969574,8,6,0
4,5.805390166823828,0.40907090177854644,2.934472693214824,6,4,0
2,4.469157469788358,2.2026072627838906,3.5749112156093807,4,4,0
4,3.8067704325628666,0.11618343909889417,1.4470879112826918,6,6,0
4,5.915926672886655,0.39602789892783874,3.614261720367211,6,6,0
3,2.9542268547589092,0.5269557536420619,1.5998973347152812,6,5,0
3,5.4692420258010905,0.5317312944293505,2.7143208383313078,8,7,1
3,5.6236458753274565,1.6751087914224077,3.8271581877599474,5,5,0
4,5.637984007792403,0.3594619702314922,2.293203774736223,6,3,0
4,5.100838929630978,2.3863638505558233,3.6046581388828045,6,6,0
4,5.448617527715457,4.276450028194318,5.087623519057518,5,5,0
7,4.585846309224977,0.8194406709729568,2.4824357599194076,8,5,0
3,4.311166930131139,0.9044824951084749,3.156386601247202,8,6,1
2,5.180877598539381,0.18436125010291646,2.2660984102582624,6,6,0
1,5.708628454368489,0.1416913267264902,2.4733429045687,7,3,0
3,4.906073894031654,2.2864403657392414,3.6686756011642356,8,6,1
4,4.450612450220592,0.8417613740986721,2.8534255257294423,7,6,1
2,2.0442404061163693,1.1917681196078422,1.742624889259828,4,4,0
3,4.822397495998597,0.46405046538584593,3.020368154965049,8,6,1
3,5.226247025273967,0.22656819345693024,1.978808245267868,8,5,1
1,3.46012777549701,0.7156176755372924,2.1243574829143523,4,3,0
3,5.7501107504519355,1.2783413189350428,3.911984963830062,8,6,0
5,5.735918194821941,2.648954446933591,4.625243349631206,6,5,0
1,5.698969588368474,2.420672752932273,4.206707620784276,7,5,0
3,5.035408668889429,2.9629536561667873,3.8595017403104186,4,4,0
3,5.929490418659397,0.554762071219335,3.3120029559797053,7,4,1
4,5.499131111493527,0.5438659628895969,2.5575170841001067,7,7,0
4,5.733100781583904,0.1854476957306608,2.6436280459449395,8,8,1
3,5.453062307510082,0.17094535873486044,2.5016567808368,8,7,1
4,2.907310069258364,1.4289272218314117,2.3002411473786393,7,6,0
4,4.131713648570123,1.160374411671688,2.4839256615957255,6,6,0
3,5.138647541502433,0.447327869452916,2.7092854618950977,7,6,1
3,5.837353896475592,1.1675198529710458,2.950863971514828,6,6,0
3,5.004943942102977,0.3560668938173277,3.1701266079846246,5,4,0
3,5.698716481016263,0.5972271491560855,3.990747788809444,7,6,1
2,5.0215453742700085,0.3705630982126751,3.337919704540397,5,4,0
4,4.786854468796984,3.424220134089492,4.074826216096193,5,3,0
4,5.306759757015839,0.7278990755426242,3.4743224125422065,8,8,1
3,5.748306560572099,1.7737491151293712,3.938946049111618,8,6,1
4,5.7871693248217895,1.523842427930534,3.247202250808483,5,5,0
4,5.955124535770829,0.7385291781044548,3.3048660555958578,7,6,1
4,5.577208181091622,1.9571826905409446,3.9699755697056993,8,4,0
2,3.860822967619176,3.1434387878484564,3.5021308777338165,3,3,0
4,5.092898700267061,0.3728069798367266,1.933864826611435,7,6,1
3,5.365702645299935,1.0805539860084479,3.6092409383680333,6,6,0
4,4.878935585451771,1.269005602303135,3.8262892980195415,6,6,0
3,5.86424066413924,0.39675488852125174,2.902179149904305,8,7,1
4,5.8097550364874175,0.12875538998874236,3.1803049716432574,5,5,0
6,5.4419890090806895,0.1967598149428314,2.848900482099291,7,6,0
3,5.487310499627607,0.942245293644272,3.175555781891204,8,6,1
4,5.2790302572476255,1.1433308194233336,3.0699153031173423,7,7,0
3,5.742842740265629,0.6907676080637601,3.6395363611537137,5,4,0
3,5.738800506876143,1.09952216374763,4.215855216526001,8,6,1
4,5.852599686290106,0.6113977823729271,3.0474955074733145,8,7,0
4,5.796781319481324,1.3005972870764249,4.1427240809563095,8,7,1
1,3.800379473748869,0.2833683962734993,1.888034612130798,7,5,0
3,5.104201223676084,0.20719033029405728,2.4274866154538257,8,6,1
1,5.467056611112447,1.3904392222056687,3.668488516417313,7,3,0
3,4.340817779359198,0.7700427833546475,2.6895109806228117,5,3,0
1,5.180180633295057,3.166080003656854,4.075314968421681,7,4,0
1,4.119453105885172,1.0896143232897677,2.51788690455866,4,4,0
1,3.9676895806698282,2.2295811405075865,2.855038392400742,4,3,0
3,5.731952638489038,1.0880452614588325,3.4238035430761586,5,5,0
1,5.723201205782862,0.14165000065534178,3.0450533855975768,7,3,0
3,5.662641957359397,1.1095871824077934,3.362545076944978,7,5,1
3,4.021985993698489,0.262065063710633,2.0538654792255593,6,5,0
4,5.581612475122443,1.4728407853234393,2.881134536868609,8,7,0
3,4.335528411606016,0.1458931714061153,2.4549116303789114,7,5,1
2,5.893215157180102,3.883321217523244,4.888268187351673,3,2,0
4,5.375982014361223,0.4304618354305837,3.0069179453922428,8,6,1
4,3.98010047953704,0.4684007904834485,1.878568051846814,6,5,0
8,5.4225032651442095,0.27102584145185626,2.6327229407668398,8,4,0
3,5.691016027730235,0.33671951190176763,4.078174570905439,7,5,0
3,5.872973577720074,1.222028886290385,4.1704710032956855,8,7,1
3,4.029271402953261,1.2531443522260908,2.796368165202266,7,6,0
7,4.364735086835137,0.8721374682312084,2.61292954559456,8,6,0
3,5.640552147504176,0.43347335701724876,4.238499833028407,7,6,0
2,4.177823427151228,0.7884763445305746,2.4831498858409016,3,3,0
2,4.16930926559751,1.6070132017523726,2.8881612336749414,3,3,0
1,5.315769771853022,1.6714325811449964,3.299327816548772,7,3,0
3,2.103250389280266,0.595911046543921,1.1400511872717563,4,3,0
1,5.405465212209643,0.5401066642431768,3.0288764554613636,6,4,0
4,4.397795710752568,1.5937977410962427,3.0467536125622954,8,5,0
3,5.312315515101941,1.1467907750060249,2.8800839227093027,6,5,0
5,4.372886769985524,0.549696100888366,1.736339069266866,7,7,0
4,4.873115337662558,0.2562612297233736,2.7626938504086986,7,5,1
4,4.659185259572675,0.15282986988104658,1.8208927984862278,8,7,1
3,5.471150424322368,2.9355269042688548,3.995620023706421,6,5,0
1,5.792898118277534,0.3164491706919299,3.0336443438363605,8,4,0
3,3.91925470156929,1.618590422826364,2.1515339739059915,6,4,1
3,4.338577063981876,2.1883924664185193,3.1508275912302275,7,6,1
4,4.942688282168126,0.26941710566046756,2.75895665615168,7,6,1
3,4.347355765788515,0.6882595206657869,2.4779353957805257,8,5,1
5,5.786598345340001,2.6106559211645646,4.157363461786417,8,6,0
3,5.0870370029146725,0.2008375909168327,2.734694922279609,6,5,0
3,5.046915997317892,0.7123202741573905,2.4712767824607016,5,5,0
4,5.664688133840642,1.105733924404842,3.8951087858229396,7,6,1
3,5.127390796922228,3.5750320824528554,4.453784765168704,8,5,1
3,5.706231861709535,1.60329202416537,3.9496030972678624,6,5,0
1,5.653934575323214,2.120683127381392,4.015488942096385,6,4,0
2,5.039223889998358,1.9889648989298896,3.29997453652268,4,4,0
4,4.262053852984166,1.9425282252726097,2.912757504248001,6,6,0
4,2.5049391325544907,1.5518002905436556,2.039652085384678,5,5,0
3,4.99917826960015,0.9491458518471458,2.753162708439246,8,6,1
3,5.955059685906263,0.6016704234946147,3.6233910355123062,8,6,1
1,3.221931717065123,1.8780348462896495,2.5499832816773864,3,2,0
1,3.364618475643509,0.38484799201675723,1.9159846591028518,5,4,0
3,3.042157286728182,2.800342860225009,2.9212500734765956,3,2,0
4,3.7431320087998277,0.4432181643498032,2.0265442290704048,7,6,1
1,3.7477861882473724,0.3909660292446737,2.2809781305660124,6,4,0
5,4.505600390093392,0.23474431742140153,2.1697285379634685,8,4,0
3,5.994541072304894,1.8520268902457278,3.560863730702419,7,5,1
4,5.028145891872928,1.1281628499960943,3.0912459520740385,6,6,0
2,5.517537473115038,2.134772004854678,4.206707221781407,4,4,0
4,4.633621362289593,1.0487673745156283,3.0471500608317696,7,6,0
1,5.814355057368931,0.13483977897477525,2.745428239478461,8,4,0
3,5.354418474846179,2.8725637830521573,3.803008436058163,6,6,0
3,5.639427016351961,2.5987623877193484,4.206995952590445,6,5,0
3,5.411823110248177,0.2914664975484302,2.9616327552108563,8,5,0
1,5.07388701995591,1.6823480730153348,2.808469674367305,7,5,0
2,4.585656190016386,4.551214580667869,4.568435385342127,3,3,0
4,5.031519680125201,0.5776100454603483,2.637087200137835,8,7,1
4,3.4551781662358994,0.18349086802934958,2.1634222215784087,6,5,0
3,3.5633731027834497,0.8770232516431411,2.0498276345852657,5,5,0
3,5.001591006937985,1.1808944364230516,3.927212170265616,7,7,1
1,4.339090708794378,0.15889066794900525,2.7590400187021062,5,3,0
5,4.892593163184886,0.1261428853747323,2.8300137858479193,6,5,0
3,4.447753984342773,1.3159020787695204,2.829492503075258,5,5,0
4,5.848623170618848,0.11101632427893571,2.236840590975666,7,7,1
4,4.514082871999132,0.7840217425305925,2.5075709698094792,8,7,1
4,4.348247915783698,2.414469113502627,3.2687796433472585,8,6,1
3,4.3310399608380505,1.2862040889661661,3.4995788042149103,6,5,0
5,4.162121359764178,0.735169386080556,2.469853908706761,6,5,0
1,4.759149611708878,0.4216361670047505,1.9576872140609387,7,4,0
5,5.406819826353825,0.5262689624200337,3.251422449493363,8,6,0
4,5.156998563387154,0.6008996390434852,2.2110627871382476,5,4,0
3,5.746246082135568,1.6548882657614878,4.046332748425748,7,5,1
3,5.75971585826082,0.19006355739926148,3.0387822422490394,7,6,1
4,5.971950785239938,0.3025922377578322,2.809267466503111,8,6,0
1,5.565856199264014,3.3398822150466403,4.138676376347516,5,3,0
1,5.9228695309558645,1.4189166556440642,3.7699535731671063,5,3,0
4,4.930334111738869,0.3004069594600489,2.452729631358962,7,7,1
3,5.80891235455723,0.6576656036520802,3.0564734713358694,8,6,1
2,3.4249486799083457,1.9045447556925028,2.82400298521563,4,3,0
3,5.344924374362652,0.341223311803451,2.0301232553700306,6,5,0
3,4.573830325034665,1.4675759659837517,2.5389473388226045,7,6,1
4,3.4939181769637924,0.9463642764414996,2.4883540310405436,8,7,0
1,5.172931400039313,0.18496291420726918,2.9892658547203435,7,4,0
4,5.96309235791313,2.3962144630420648,4.101304225039503,8,6,1
2,5.376037984280838,0.19850123316964208,3.8221428121246506,5,5,0
3,4.228356660527074,1.0503716951193502,2.452810682203108,8,7,1
4,4.96692881596103,0.4332342886374084,2.7934982314656045,8,7,1
4,5.897138910343764,0.2968797159193046,2.860207438882525,8,5,0
5,4.109495767445621,0.1763416836735886,2.673953567073429,8,8,0
4,5.6933500791095595,0.6589937440817486,3.5183410728590983,7,7,1
1,5.838115133046329,1.8533092178385298,4.191862705001072,4,4,0
3,4.442568607484645,1.9866251782602626,2.9180670873419796,7,6,0
5,5.955687668170738,1.4177024783875318,3.9812247849632185,7,5,0
3,5.195094980267621,0.4162195645280963,1.9811820214555191,6,6,1
4,5.972684352067674,2.8375248441336454,4.890753465644721,7,6,0
3,5.755641914467778,2.3292182938906034,4.792294211167445,5,4,0
4,5.96210231070775,0.24505419756319194,3.3196720365833454,7,6,1
3,5.781770338391032,0.6326307807428382,3.986394547414941,8,6,0
3,5.542495033937642,0.48010274004595965,2.7355217299835144,8,5,1
1,1.4702302072064781,0.40187916349014285,0.9360546853483105,3,3,0
3,2.90157631878276,0.98890923294012,1.9506148022563914,5,4,0
4,4.779914096534987,0.9217621516066284,2.9270937536532946,8,7,1
1,5.121125938988131,1.1448507843310016,3.141937709029578,8,5,0
4,2.440091668769036,1.3350893792539926,1.7717647598468826,4,3,0
3,4.719047914661728,0.57634306570114,2.3451960045512164,6,5,0
4,4.535252070646409,0.947696147058553,2.0780704982414178,8,4,0
6,5.712793863060613,0.9983549197075047,4.024516199212012,8,6,0
1,3.8591394902246656,1.847546037071572,3.143402980905126,6,3,0
4,5.464147983113696,0.4302721296371955,3.3626308293801546,7,6,1
2,4.667702523592918,3.4761893402840847,4.071945931938501,3,3,0
4,5.587775941336687,0.25065312865205347,2.226269702757638,7,7,0
1,4.679599062503479,0.5754157021855877,2.771932646115043,5,4,0
4,4.719716447304382,0.13414061100832514,2.7944668047734864,8,6,0
1,4.910545510290144,0.809169408946611,2.597913703656371,6,4,0
2,3.6446289318989487,1.46693449195971,2.044260951552605,5,5,0
4,4.569338681567745,0.21303043981906855,2.6807747615233275,7,6,1
1,5.476701416427505,0.263617472603765,2.4454048800293324,8,5,0
1,2.9581081177589743,1.5834039214197488,2.474779545317026,4,4,0
3,5.5006045020641965,3.214452499968163,4.2897759928544,6,6,0
4,4.706324824996333,2.4886817375162167,3.6094573582158778,4,3,0
2,5.122087860120175,4.628174261926772,4.875131061023474,3,2,0
3,5.848213510236335,0.20746582826019,2.9504228383859616,8,6,1
3,3.397625380146471,0.40278643578639406,1.8698198129411494,4,3,0
3,3.920399620126975,0.49562975291991007,2.1818078674996175,7,5,0
3,5.229626863150301,1.2900607240541069,3.14792561365767,6,6,1
4,5.862308182381891,2.084712827148202,3.4736657295949116,8,6,0
3,5.39240024215466,1.3130043071529987,3.446582781879438,6,5,0
3,5.480254705646095,0.2870123065667157,4.038162479930683,7,7,1
3,3.2743691166353828,0.28909245398471306,1.6773711721241185,8,6,0
3,5.008299769411888,0.9470668082088042,2.5517241469051286,7,6,1
3,5.996392664354518,1.8240003078395977,3.4927870941607067,8,6,0
4,5.539599445459468,0.6633207730859652,3.157487085411339,8,6,1
3,4.469447283087956,1.0375507760602418,2.7654424983830066,7,5,1
4,4.954716192715049,1.625876426472122,3.279465926687438,5,5,0
3,5.95154811238922,2.7275971146174354,4.507673547216505,8,6,0
5,4.796959676131377,0.9429636634303387,3.5643481331678095,8,7,0
3,5.781775206743735,1.0310516444306534,2.688660042011433,5,4,0
4,5.095662279544743,0.10352689164228224,2.209239552439067,8,5,0
4,5.997527325214251,1.8442131426397157,3.5715514314475296,7,7,0
3,5.604243124285295,0.3044089268791368,3.0223862717689984,8,5,1
5,5.3261616680525545,0.8440530291142639,3.21585343357113,6,5,0
4,5.457479535298394,1.1902210169877034,3.1456372344841705,8,7,1
3,5.8238323159928065,2.364880087900238,4.13068977212965,8,5,1
2,3.9463823271701037,1.7385253498327446,3.1618153654777146,4,4,0
1,5.805395369707299,0.2889310689722805,1.9799622792038611,7,4,0
5,5.00973700356863,0.7502598588189997,2.2131639965414207,5,4,0
2,4.8072762718418645,0.3130956136924185,2.644597709320293,5,4,0
3,5.877619223435847,0.4948104376133867,3.007087775737415,6,6,1
1,5.633712914483115,0.7607911494703762,2.984692538415492,4,3,0
1,5.290358079283547,0.5265801052078525,3.2785064512469893,8,5,0
1,5.052184826496667,1.236282230005557,2.6120311561777405,6,4,0
1,4.351883228564642,2.113518316652309,3.4502267426852544,4,3,0
2,5.9979352318054024,0.6735587405003572,3.71339834693256,7,6,0
5,4.372116100718523,0.7770358955807332,2.6164291731197236,7,5,0
3,5.418576310369594,1.654412899540728,4.149557208861635,7,6,1
1,4.371562932999656,0.10287704574823033,2.036409923675582,6,5,0
4,5.522201389242077,2.1910947628074515,4.164774406452747,5,4,0
4,4.0849321033614086,2.175086710846735,3.015066858656531,6,6,0
3,3.501991487651028,0.17859461797917475,2.323694995197599,8,6,0
3,4.911915903989247,1.7006419996737436,2.786718078842871,4,4,0
4,5.716047713198181,0.5891552839918643,2.8162793745067876,8,7,0
2,5.996780895679341,4.251933854373564,4.903980454691934,4,4,0
1,2.7806664409718493,0.5759277045717017,1.325128045460158,4,4,0
3,5.964486554214905,1.7376804222415851,3.8723209902259534,7,7,1
5,5.8013595004759395,2.589969742107492,4.286091724016553,7,5,0
3,4.774896663435576,2.426255746225101,3.915079631342311,8,7,1
4,4.64277944393905,1.588299285892104,3.0712895459008265,8,6,0
3,5.97215651501408,1.4409183054771655,3.1839572421063496,8,6,1
6,4.795347291500877,1.1404413714027282,3.403316387618434,6,4,0
4,5.717859295467837,1.1481836244815933,3.5989561809238704,7,6,0
1,1.9318707809081956,0.5791614698456726,1.2555161253769342,3,3,0
4,5.251340943772109,2.0208520945054387,4.045021097323544,8,7,0
3,5.771275679909818,0.4047884726194221,3.204941743266058,7,6,0
3,5.500104863296692,3.542136437718048,4.52112065050737,3,3,0
1,4.920283719197062,1.1496439663857032,3.2321099159634845,8,5,0
3,5.215540602340378,0.735312760582662,3.52581522312201,4,3,0
3,4.072985924101346,1.7100936556167667,3.321546231586099,6,6,0
1,5.469504501003866,1.016202241803402,2.4410903809772573,7,4,0
3,5.6728263374337144,2.833444987248758,4.253135662341236,3,2,0
1,3.9176292738519978,0.5106337640698474,1.8235688575806794,7,4,0
4,5.878149196748314,2.8999471298918844,4.143067543242827,7,5,0
1,5.588387941082106,1.2636311477605877,3.888490890156929,8,5,0
4,4.4028410744821125,1.3205937474149312,2.87442417708948,4,3,0
3,5.794297995744122,1.6813738926425208,4.388494654476587,7,6,0
4,5.5075179532486525,1.6084326782486917,3.665627595465345,8,7,1
3,4.775998960766887,0.41751976770421584,2.539577874664914,7,6,1
1,4.830698038746509,1.0628110976218268,3.0795926094469275,8,4,0
4,5.915578818877538,2.8977996701457602,4.05810138731923,7,5,1
3,5.8463278863604735,0.15584667617673628,3.41563160028665,7,6,1
3,5.081407706893171,1.0239636434584667,2.771017241953808,7,7,0
4,3.7898834981938463,1.1194116997142851,2.6058722642918277,5,5,0
3,5.452439493321373,1.015317335714964,3.2346259557525463,8,5,1
3,5.373259459763246,2.309929343198076,3.4826844158673538,5,5,0
3,5.665002868505025,2.5221771851544355,4.068631216279982,4,4,0
1,5.547477635688625,0.3897943788343434,2.8055742123267713,8,4,0
3,4.508326335237399,0.17066828227309,2.1513881258517418,6,5,0
3,4.654494915949186,0.5683381465882437,2.6984241170182,7,6,0
5,4.600483752413958,1.3936220957370453,2.3488401041824023,5,3,0
4,5.720769772150509,1.0216801671680888,4.135963719079436,7,6,1
3,3.869020966012376,1.3896041308421443,2.3913864924790054,6,5,0
4,4.474749626377539,0.19484085571488988,2.3907674949240465,8,6,1
1,3.9087104582745242,3.1914389793378373,3.4367844031310324,4,3,0
1,3.430473286574958,1.1684333287163826,2.3466147584458006,8,5,0
4,5.424541869814985,0.5289764622908385,3.3228828239181802,7,5,0
1,5.517053881678293,0.1725421420199114,2.7906580587512178,6,4,0
3,5.231403434791824,0.7085778935699593,2.4528524321058804,8,6,1
1,4.769461472697702,2.2939698038694507,3.5317156382835764,3,3,0
4,5.985440257804539,1.0229400908368669,3.255050698651536,7,5,0
5,5.906967319719779,2.8439099708679523,4.765468682057677,6,4,0
3,5.9750330868488755,2.5302985262917668,4.016653483063865,7,6,0
3,2.7469705942949867,1.0341978806199665,1.8921125579545237,7,6,1
3,5.12712704143008,1.1718685797041097,3.219225053935956,7,6,1
1,4.903910047447689,1.4239279229476587,3.2619652989391903,4,4,0
3,5.329553893312902,0.11488194344711908,3.4083741400678056,8,5,0
1,4.033579855719241,0.37097458997677,2.2662635458084863,6,5,0
4,4.7295059475059125,2.1987859908381404,3.9774882974911123,5,3,0
2,5.666306965021755,4.047624769368677,4.76049959065002,4,4,0
1,3.2894192969834513,0.2521666452756348,1.8874945112698496,5,4,0
1,1.7999672625443166,0.22555291877839265,0.79327455602189,5,4,0
5,4.950613173663804,0.6073441172043282,2.470495634610191,8,7,0
3,5.242919371222205,0.19821089027304573,2.288674721767206,7,6,0
4,5.506196180644793,0.9266176137170447,2.703934234411305,7,6,0
4,5.452371647163407,0.20725149297735618,3.0821050155232896,8,7,1
3,3.4945855097564316,0.16044893157337622,2.102752165429938,6,5,0
3,3.246494421922266,0.7826668704784316,2.406169450144069,6,5,0
4,2.3403942849945674,0.42242973667958794,1.0670360339519984,6,5,0
5,5.972435260604632,1.013246526642732,2.6833771764591363,5,3,0
2,3.6016732070849367,2.704113278346992,3.025037846108986,4,4,0
4,3.4280068816290687,0.31903624293730115,1.8209306475876539,5,4,0
3,5.05175010176603,0.7755710991309762,3.40527153874288,7,5,1
3,2.962126704216733,0.2234161194961394,1.757821029843042,5,4,0
1,4.829721277702388,0.1143409398175632,2.5452700299166637,6,4,0
2,4.193367488916573,1.2229776470258265,2.2149691153970554,4,4,0
3,3.3862208617105827,2.373785521903995,2.8800031918072886,3,1,0
3,5.6392388338222945,0.15247337368334063,2.961823683801399,7,6,1
3,4.017358439322947,0.29245278674640895,1.9358626189092054,8,7,1
4,5.503751036181345,1.012440769244519,2.944969124746342,5,5,0
4,4.540122458606316,0.9911866549866059,3.262837825019429,8,7,0
3,5.395630264959668,1.201680742854749,2.8717604207733856,7,5,1
1,5.258342328914168,2.9536141384846615,4.105978233699415,3,3,0
3,5.734713108422531,3.0543254004283606,4.542579269912173,7,5,1
3,3.310647084292938,0.6560587571630544,2.140223933775296,5,5,0
3,5.485810163872505,0.32345337873987534,2.79507930122961,8,6,0
2,5.549426488274929,0.9531837150848703,2.8634218183226543,4,4,0
3,3.223260432523746,0.3543612512742125,1.6536900042344502,5,5,0
3,5.317221581104211,0.4793436744757329,3.1850997330379505,8,6,0
1,5.6038479511988015,3.387203276805086,4.61694084003102,5,4,0
4,4.974457546491602,0.7915048878608052,2.1568867464294907,8,7,1
3,5.135597330244141,0.7615882080094414,2.77595348994377,5,5,0
3,3.8812150150788844,0.4074611435744172,2.600450455387623,8,7,1
3,5.92324092263023,1.5288734340700596,3.7355681426172183,5,5,0
3,5.28500060706614,0.6604398855409087,3.481094842066755,7,5,1
5,4.568438633613895,0.7489486005640837,2.915494102148384,6,4,0
3,5.627579789143963,1.4635064042369361,3.3898700508274935,8,7,1
3,4.5982176419332,2.235673597232729,3.5444565067612652,6,5,0
3,5.6768733521250745,0.9854269903652869,2.7678040099786227,7,6,1
4,5.804484932424801,1.0943360815914818,3.0104436804019765,6,4,0
4,1.8759828815002835,0.3586844926068895,0.9378240083846379,4,2,0
1,4.195179396681796,2.15246702926581,3.2173073358525293,5,4,0
3,5.208038366190295,0.49347860382902387,1.8317370267567068,8,6,0
4,5.54622573384885,0.6452080248508583,3.526565360842305,7,6,1
3,4.904903923191094,0.14389459317480807,2.498020884006814,6,5,0
1,5.156803332521007,2.76641550256298,3.8072371424014047,5,3,0
4,4.6701035032220775,0.17207071915902966,2.3617435393955826,7,6,1
2,5.2515768779989696,3.362436523567426,4.300232806544548,4,4,0
3,5.766324028362894,1.1179147220212626,4.30983331588619,7,6,0
4,5.718757854949363,0.4684374399550455,3.0547988571287754,7,7,0
4,4.872798418637131,0.6769988924614323,3.0026656706251647,6,6,0
5,5.684714805749171,1.4783617137479943,3.4855529142367128,7,6,0
4,5.884358482036903,0.7149320378523707,3.399340060786744,5,5,0
5,4.138553337913142,3.259619419474816,3.7561997722856226,7,7,0
4,5.905164708798941,1.718307944597443,3.4565119728415508,7,6,1
4,4.242592885457645,1.5048957301530372,2.6790310589197657,4,3,0
3,5.066222144246732,1.524376205737656,3.311319974373506,8,5,0
2,5.480426257185938,0.20939331492317925,1.9589719436165955,5,4,0
2,4.209534664760251,0.2053121995384572,2.0333246966085152,4,3,0
3,5.645457391061939,0.3078789464662797,3.4228180684197547,8,7,1
3,5.764157273916001,0.6252764917657972,3.1672146901762175,8,6,0
2,4.171774168907243,0.11362407106852213,2.0408794799891554,6,3,0
3,5.752043311991226,1.217929370311528,3.4482630762972004,7,6,0
3,4.727718459794416,0.9912610342354029,2.7651013186378726,7,7,0
1,2.9387749086270754,1.5069132736970485,2.222844091162062,3,3,0
3,5.97861183317596,4.008816444447561,5.284960495323484,4,4,0
3,5.105478470483635,2.2174743985057943,3.6289626219832316,6,5,1
3,5.769277244195266,0.6873153983907814,2.842897283316254,8,7,1
1,5.848641231678098,1.150908402531513,3.216619101515707,8,4,0
3,4.7335776408813866,1.9983495245148124,3.3281035216478942,5,4,0
3,5.756858937912872,0.17043102387701597,3.0276834133536634,7,6,0
1,5.704185247614108,0.8309734145449674,3.2675793310795376,3,3,0
3,4.877278188740742,0.4988769672589073,2.387527808726445,7,6,1
3,5.9091796795661455,1.2643197590198436,3.637638650656025,6,5,0
1,4.059745793612477,2.727785402991477,3.393765598301977,3,2,0
3,5.305758386878832,0.28392378608707447,3.551855159342188,6,6,1
1,4.696422540515111,0.26185802921445744,2.778392083300376,4,3,0
2,5.955351177602009,0.44195759486582353,3.1986543862339163,3,3,0
3,5.854189575200289,2.939344228731098,4.396766901965694,3,3,0
3,5.317086115583867,0.6918576620120627,3.2624380159179673,7,6,1
4,5.922806721982504,0.6346031657548868,3.5946164224147648,5,4,0
4,5.525296495775171,0.36599425608833325,3.208403745743211,8,7,1
3,5.533796646412328,0.9698445046327688,3.1751676619184543,7,6,0
1,5.921009046119079,0.30181553264148575,3.6647382974736176,6,5,0
3,5.530319651761604,3.2689462399663385,4.311453753205962,6,4,0
8,5.993496834348839,1.8371002657466695,4.152575517098933,8,5,0
3,4.805630500040545,0.7905552909011906,2.381508570034333,6,5,0
3,5.887709258063261,0.30906666410012396,3.0090258178099,5,4,0
1,5.8600117146167205,0.17995365215228232,2.440020532902087,8,4,0
4,5.961786980044559,0.21166738095967755,3.2913374017173638,8,7,1
3,5.826754601733423,2.938060350727234,4.4542879538122335,7,6,1
4,2.8836785520737873,0.8176743361744024,1.9655993849881115,7,5,0
1,4.590372066909732,3.6809410797441418,4.186868236143965,5,3,0
1,5.21418626546344,4.7914529958983145,5.052359225009518,4,4,0
4,5.876884739776696,0.6446695844363604,3.7411679603995807,8,4,0
1,5.303618973686328,1.012535709155563,3.806757748619689,6,4,0
3,5.1368333926483825,2.8731254470264633,3.9777961751124344,7,6,0
3,5.1531678413845015,2.168604912295473,3.5446350556672037,7,6,1
7,5.707344777596289,0.5815235202843843,2.8080613968555634,8,5,0
2,3.9811443219110014,2.1208182998262965,3.269375159027708,4,3,0
2,5.201560416208858,5.201560416208858,5.201560416208858,2,2,0
4,5.357165952240999,0.2543318614905265,2.94260904793529,7,7,0
4,5.818653575737916,0.42689019959522934,3.662102155275861,7,6,1
4,5.280543858375703,1.7648282640509936,3.6371004532163664,7,5,0
7,5.609377023602014,2.20592606504358,3.7472599157949023,8,6,0
6,3.435226800301169,0.1581997986612632,1.8519274391150764,8,6,0
3,5.636486409558157,0.4551283365925082,2.7818739712317577,7,6,0
5,4.748958886814903,1.2056628815041628,3.018460122888749,7,4,0
3,5.236952760126312,0.9234422507982074,3.022412985969621,7,7,1
1,5.674580025777875,2.0686700435584076,3.192241788496411,5,3,0
3,3.786806094697014,0.4656726236202845,1.949618960330746,8,6,0
3,4.571573678420693,1.7443785665836553,3.2078611792279084,7,6,1
1,5.946420838171056,1.5589359238908496,3.355834485682648,7,4,0
3,4.975758145450656,0.5844430659397993,2.6068374368235387,7,6,1
3,5.689929791319177,1.2144204451887606,3.089264490448537,7,7,0
4,4.43715929565935,0.1573991016755694,2.625584381586903,7,6,0
3,5.064465021692504,0.3748398110111014,1.7499057400870468,7,4,0
2,3.677313948866504,1.7397325231529672,2.7085232360097358,3,3,0
3,4.751870864453977,0.20627083193041346,2.1804493716390847,7,6,1
2,5.025618539908168,1.7620213895437005,3.3062088516717387,5,3,0
3,5.931433292946191,0.6881739006751982,2.829456361987669,8,6,1
2,1.3361285253106516,0.5657911951571322,0.9509598602338919,3,2,0
0,5.305329973782856,4.34372821530303,4.824529094542942,3,2,0
1,5.923895774171347,1.7238687056797806,4.1062351184891055,6,5,0
2,2.5476319455675123,0.26383510925819764,1.4057335274128548,3,3,0
4,5.986321582009961,4.231169355582695,4.8269287062445985,4,4,0
3,5.670134580937065,0.5528200855836858,3.480938894663378,8,4,1
1,5.85751258586105,1.109317931545853,3.4600712220303107,8,5,0
4,5.544071345875503,0.4102907045866745,3.660013503617783,8,6,0
3,5.888893750041034,0.3931438751469818,3.2896344301040004,7,7,0
4,5.20299366667524,1.097931831768363,3.3333204132314287,7,7,0
3,4.704126308117514,1.6213301091706662,3.250310928794601,5,5,0
3,4.753545133569166,2.277654638071407,3.195417372272452,5,4,0
1,5.7490908602176924,1.6496538586758618,3.9080310843128983,6,4,0
4,4.617944866085114,0.4574520120759942,3.2741354295706415,7,4,0
3,5.568760241068229,1.6032408294851612,3.3280884390738534,8,7,0
4,3.503010849559352,0.5590729111423751,1.996397981727254,7,6,1
1,4.130705585177928,1.9460449485800757,3.038375266879002,3,2,0
3,5.007106025794064,0.5739342343664883,3.3999893526474874,7,5,1
5,5.53376478367178,0.7056122625164489,3.15328234000713,6,4,0
0,3.5585485130428895,0.7921896005256068,2.296725092409095,5,3,0
0,1.03479787386658,0.7533948878798181,0.894096380873199,3,3,0
3,4.645123608895682,1.1064102035250278,2.4840010983425755,7,5,1
4,4.960434872532355,0.18588913062371257,1.9582316229705239,7,7,1
5,5.569760529612011,1.9764342816708484,4.029699179043528,8,6,0
3,5.184180344765843,0.9513310818029203,2.785951796603476,7,6,1
3,5.676902051947089,0.2082138457442687,2.318751588555783,8,6,1
7,5.895223644377832,1.8279512214669407,3.742129389166998,8,5,0
2,4.563158419238874,0.4656680407252617,2.253693497685546,4,3,0
4,5.1098080652291005,1.5453592499705595,3.2593584042449417,7,6,0
4,3.225629716396363,0.18706160147697187,1.6570132959323023,6,6,0
4,5.669894896677551,0.12586002458043805,3.6493520854947263,7,7,1
4,4.671312146644312,1.3375306027168719,3.102442231837396,4,3,0
3,5.2061741186077555,0.8101469961979944,2.8401022352703427,8,5,1
1,4.966408617936999,0.2301879749436967,3.168129211796533,4,3,0
4,5.493777314151569,1.3557618020176119,3.452328644332772,6,6,0
3,5.040453183720526,0.9900367772495203,2.6952088068601694,7,7,0
5,4.896798466154715,0.3676645866761712,1.9987500377635838,8,5,0
3,5.815498193794429,2.299712404003152,4.3519830382872655,7,6,1
3,5.954174708890103,2.350697880516336,4.338432237500805,5,4,0
3,4.634246056948131,0.134029668890534,2.285262036623693,8,6,1
4,3.047903167819018,0.3366168110780825,1.2899079209036846,7,6,0
3,5.828740479602178,2.2058474615993875,3.8629977013532795,8,6,1
3,5.54093255279529,0.3972176687593565,3.059544984417833,7,6,1
3,5.288220708812378,0.166512483218704,3.0863398668570348,8,6,1
4,5.580504482515906,1.6709296094391723,3.1415618123399076,8,7,1
4,5.961083060999028,0.34359713412744164,2.790982017401268,8,7,1
3,5.6784491405128295,0.362703812646309,3.4585282808953157,8,6,0
4,4.249073289280647,0.27435922318627204,2.3680141849094256,7,7,0
4,4.376314122819272,0.15082388942687397,2.896668548731871,7,6,0
6,5.273451225157857,0.7308006863867246,2.766551202225837,7,5,0
1,5.796319546277687,0.9113997958123173,3.1366868225982096,6,4,0
4,5.537366580005986,0.8956884286474727,3.541961874968346,8,8,1
4,3.725308705255614,0.7893807600394069,2.4521054137641616,8,7,1
4,3.6997811455582674,1.6520644096373922,2.8278516821217954,6,6,1
3,5.552518082962313,1.4769626690959916,3.0544054350840186,5,5,0
3,5.298919039160145,0.9131774255283044,2.8693031336070787,8,6,1
4,5.01135433953212,0.12399587795443812,3.16843070910559,8,8,1
4,5.451739608922305,0.3139314833487751,1.8249788846351367,7,6,1
3,5.32200416968518,0.32858917804512866,2.4511250867605447,7,5,1
5,5.610219757022087,1.1672978598321386,3.3634876857826765,8,6,0
5,5.33111405167972,0.3705091060843658,3.0960360497831516,8,6,0
4,1.6914333927575336,0.10548327022827302,0.7108014984747816,7,5,0
4,5.513920497471311,0.4591462202330271,3.528091092731144,6,6,0
3,5.545927325389699,0.4500729116495217,3.9461894918296396,8,6,1
3,5.800570689723358,0.8900038380791472,3.2058340978383235,8,6,1
4,5.854064803260048,1.9235869447574065,4.013465790768823,5,5,0
4,5.489715062529596,2.936876822911239,4.520565819555202,7,7,1
3,3.4766039670223448,0.2899302722437373,2.201092609577089,7,5,0
3,3.666220351100113,0.8472197540078978,1.9454229333837472,6,5,0
3,4.9913722792258115,0.6227031918898067,3.5673803538331783,8,7,0
1,5.964011710483124,3.938871767890328,4.951441739186726,3,3,0
3,4.328658192068956,1.7238741780046798,3.026266185036818,3,2,0
1,3.7010720493343476,1.8255109452309832,2.5710509237343655,5,4,0
3,3.8605850212120476,0.5210946021726731,1.8693457948724692,7,5,0
3,4.626567413210551,2.2825382385315742,3.3050053971568936,6,6,0
4,5.596881951441518,1.1944633589560545,3.7688072887949304,6,5,0
3,5.992605172602501,0.3365488368232132,3.000754388145051,7,6,0
3,5.211557665506682,1.4247324294792276,3.263767383199824,7,5,1
2,4.8705831249517475,1.0769130323726364,3.4758194091233316,4,4,0
4,5.964001499976019,2.2305918983549278,4.583781135373011,8,5,0
3,5.858510384863879,2.7312271504653896,4.74678085067666,4,2,0
1,5.390787406707142,5.291166962497516,5.340977184602329,3,3,0
3,4.835505394789019,0.9407377739556204,3.2787889236030083,7,6,0
4,5.659555635757483,0.41510216489482,3.267190670474868,8,7,1
2,5.41200120801492,2.360150580995047,4.532704248116649,5,5,0
3,5.473884925560185,0.5525944874173164,2.961318253655705,8,7,1
3,5.169544355365226,3.0027968331470083,4.086170594256117,3,3,0
3,4.8743526758230615,1.5814654779391215,3.712709267773089,8,6,0
4,5.5999238508030444,0.13741995989190606,3.657207611579545,8,6,1
3,3.9528788293480424,0.2800555104942901,2.0563557882336543,7,6,1
4,5.479765224868918,1.7159438680049446,3.439750416638549,7,7,1
4,4.347530707449282,0.10867298718790891,1.6557246727935855,6,4,0
3,5.0913552890833795,1.8941778400725402,3.336598120517517,6,6,0
3,5.247462324907842,1.1963322370644407,2.8664515168558213,8,6,0
3,5.219168643887245,0.46822113330562765,2.9017647340249666,8,6,1
3,5.099449182550415,0.44576314008419193,2.337873327412956,7,6,0
1,5.587932334963259,0.5084362319982418,2.6235398234189544,8,5,0
3,5.918636362501021,2.641750189496373,3.935330907559261,8,7,1
3,5.966127931676471,0.7823979734870339,3.9126838436838787,8,6,1
3,5.447134729882989,1.1768138094987561,3.4397488836897514,8,6,0
3,3.5232670824203027,0.23825553547863826,1.9383465811716287,8,6,1
4,5.4559318491720505,0.5286028964167431,3.154553915065911,8,7,1
3,5.389231289686627,0.576249469298914,3.606108429706953,8,5,1
1,4.136574058812194,1.6041769487868947,3.079149406458925,7,5,0
3,5.990944608598201,0.2975426246210101,1.8319150157648805,5,5,0
3,4.661736953249219,2.862653033242635,3.843104191543339,6,6,0
4,5.181092680080795,0.5441715630486151,2.0755537299103937,8,6,0
4,4.486868367540989,1.116589987913144,3.011453708935447,7,6,1
3,5.797158389440778,0.6879574221818304,3.188334812441413,6,6,0
3,5.885821581873846,0.9829554708333675,3.3867577192402525,7,6,1
4,5.330230624332102,0.1726629441966842,3.2116802714273587,7,7,1
3,5.364663350033576,0.34583619689605605,2.272525576132577,4,3,0
6,5.272232076829613,1.1602285429953543,3.1653118746162128,8,4,0
3,4.371296825138895,2.345123350731057,3.3582100879349763,3,3,0
3,5.834563494561119,2.5665842775052186,4.521732012351615,6,4,0
4,5.926838567716342,0.6295226327671215,3.896744440945493,7,6,1
4,5.978000525713045,3.3494642567467565,4.8018366047233725,6,5,0
4,5.306083105963729,0.8199410359354664,2.956454221331334,7,7,1
3,3.942913912426231,2.2257353158441426,3.58645451896994,7,6,1
3,5.841866132189156,1.3055917207415666,3.2718896833392135,8,5,1
3,5.962124607154108,0.7662837390485208,2.942032225009363,8,7,1
5,5.9019045082253845,0.4234477566636209,2.7667752409770467,8,5,0
5,4.883336887516792,0.29438820472113436,2.273204382382189,6,6,0
3,5.150492407059781,0.9292816096111163,2.5544911692535814,7,6,1
1,5.611697953573472,0.20975609901606507,2.488131528411529,8,5,0
4,5.734440163439023,0.5434533973816155,3.11515734514901,8,7,0
1,5.206912720975921,4.557847330240662,4.882380025608292,3,3,0
4,5.6204600292891564,0.38653682922600197,3.0043823193657446,8,7,1
1,5.017870596047728,0.5025862523200904,2.2956446541349513,7,5,0
3,5.6908975980711425,0.6929192969273568,2.850222915416913,7,5,1
4,5.720838649833432,1.4115488498852142,3.287066945130367,8,7,1
4,5.433730550958318,0.1320911876411812,3.027976984007211,8,7,1
4,3.9090688243333873,0.6763150696592523,2.233796650330132,5,5,0
4,5.900436440732827,0.2908281169308795,3.491020001400607,7,6,0
3,5.323843032938013,2.4673258867520707,3.958196205532815,6,5,0
4,5.822027806040896,1.616839314903075,4.209132784132342,8,7,1
4,4.732650201333102,0.7784859318192694,3.37666510758392,7,7,0
3,5.195407586916531,0.19042094087176492,2.284318430697407,7,6,1
1,4.341504853502985,2.165542381253539,3.253523617378262,3,3,0
3,4.287617751513248,0.7869236011675507,2.5671415121138352,8,6,1
2,0.7628398448430554,0.7628398448430554,0.7628398448430554,2,2,0
3,5.502978839670924,1.1018182909503138,3.1522189017667728,5,5,0
4,4.105907405810978,0.5086567111428086,1.831566332999776,7,7,1
3,3.7200323537333286,2.7291069746671357,3.296845886400959,5,5,0
3,5.8560451834522445,0.7436220847520669,4.0670302676198276,8,6,1
4,5.537997622658686,0.4420156172931592,3.8002600345441793,7,7,1
3,5.302417021631931,1.195490539278775,4.4268382962189685,8,5,1
3,4.05739064584284,0.18832222394882103,1.8798880809848468,4,4,0
1,4.451969864528765,3.860345110305119,4.156157487416942,3,3,0
3,5.8321819810320505,0.24454364860807304,3.6322271911979125,8,6,1
6,5.561933613114366,1.5495307571219885,3.7126349379162407,6,5,0
3,5.4967081816857055,1.1623328838310054,3.4672489323878333,5,4,0
1,5.184164575075595,1.2248654558561598,3.4027501887355083,5,3,0
1,5.602383352740946,0.6065125687535775,3.448794546777261,8,4,0
2,4.521180902554531,1.1979046628446748,2.6158832491169584,7,6,0
1,4.46863444069745,0.48573927686402374,2.328527493548025,6,4,0
2,3.2781983624451456,1.6064970234144726,2.4423476929298094,3,3,0
3,5.939940842573099,1.9013816585181644,4.122517644006178,6,5,0
3,5.222244440898485,0.18138579590678885,2.992885681526674,8,6,0
1,3.327346439961977,2.2588591806303167,2.793102810296147,3,3,0
1,5.392678879978672,3.09870693262179,4.168863666850024,6,4,0
4,5.642137438714531,0.3005072993955078,3.0011428289147566,8,7,0
4,5.4743032611072735,0.14079088272616294,2.9709677326335138,8,5,0
1,3.9617392016750204,2.4708620867784883,3.1413640821957975,4,3,0
4,5.339505345538626,1.0520542014414598,2.924553464534545,8,7,1
5,4.161412851309279,0.3016519770167101,2.3390047159532315,7,4,0
2,3.944814863110177,2.507725304387384,3.2262700837487808,3,3,0
3,5.965179652607368,0.17870207288704004,2.969713823083194,8,5,1
1,3.268458212463336,1.1244407119855726,2.318615673258234,4,3,0
3,4.744168465163012,1.5745727062376904,2.934515778573228,8,5,1
4,5.1728955269366255,0.604433058276002,3.1989151253229515,8,6,1
3,5.970339012141885,1.734008030236879,3.7436156947208676,7,5,0
3,5.924580905697221,1.2891218637523054,2.896389352698085,7,5,0
4,5.567343030915073,0.5143220724904453,3.3827676901746844,5,4,0
4,5.172892929126054,0.3904981748550903,2.2449494723231203,6,6,0
4,5.446540909839687,2.29202457932581,3.9113113100757886,7,6,0
4,3.1950251917312325,2.9417932898953967,3.0543416999245476,4,3,0
3,5.937906938241761,0.12564504575915014,1.9866827817610098,8,7,1
4,5.778952210258466,0.11506843056143384,3.472670319280841,8,6,0
4,5.362411998582778,0.15668208244289572,3.064919753724497,6,5,0
5,5.885813769833584,0.6998723948511528,4.046791238118678,7,5,0
4,2.8785963310794083,0.3525571583893842,1.7867697604187778,8,5,0
4,4.19235302738621,1.8307752293068233,2.977955335370456,7,6,1
2,2.0611587717909137,2.036030140543038,2.0485944561669758,3,3,0
3,4.571010682652224,0.3135641984778733,2.431161715214156,8,5,1
3,4.484487800322607,0.8135446761262658,2.2323501354378465,6,5,0
4,5.668145227008114,0.5139161694824219,3.093093192217306,8,6,1
3,3.7038995848577163,0.2802741149530025,1.441867541648888,4,3,0
4,5.980941889964078,0.41037594884952777,3.4057657118862155,8,7,1
3,5.234631439661346,0.5694343378930138,2.427750548270408,6,5,0
4,5.041163859279967,0.24108218955420763,2.2108851159700063,5,5,0
3,4.08303712750265,0.8143854833373948,2.4858259299634966,8,6,1
1,5.922720206747166,1.4684763635142597,4.292458926703355,4,3,0
4,4.385419917019554,1.6364310410033336,2.46957503830152,8,6,1
1,3.3426828228234986,0.42339710140679787,1.8689554732627156,5,4,0
3,5.891332862505482,0.28284420182919134,3.113983790827223,8,6,1
3,4.345517769241201,0.10250421877811597,2.3319726323592707,8,6,0
5,5.8962989302522795,0.49558712512824643,3.73840332786864,8,6,0
1,4.767610881860761,0.8043423900497085,3.1509384746050215,5,2,0
5,4.874046111612318,0.2606327295247193,2.3115894980945333,7,5,0
3,3.7520490867698206,0.3262517271308801,2.4142496059344296,8,7,1
1,1.2100479239813748,1.2100479239813748,1.2100479239813748,2,2,0
5,5.089075487478488,0.9578092636674672,3.08637008116045,8,6,0
5,5.638017040971279,0.2175472077183931,3.095604321764984,7,4,0
3,5.0050584881917155,1.1339587816370864,3.5326545386312245,7,5,0
3,5.281181319419933,0.4716763403584209,2.8614436653348707,6,4,0
3,4.236726794913014,1.350507277311591,3.0140908404309794,5,4,0
3,5.8942739296773015,1.1629901328893302,3.5020221092708517,8,6,1
4,4.459936112997817,0.35586790466958107,2.8865144045116082,7,7,0
4,5.686083422715383,0.23619342971627633,2.5831101734033064,7,6,1
3,5.956886823901435,2.142532371298699,4.23364465444218,8,7,1
3,5.5522653446434065,1.3958771014390672,2.9553403352788585,6,6,1
1,5.146695704678015,2.9455517117876493,3.9965208443400235,8,4,0
4,4.546740091776578,2.1146879585663148,3.225220155682028,8,7,1
3,5.890915306000148,0.3038823199663986,3.07183392731089,8,6,0
2,4.779583194672126,3.5539793444882557,4.166781269580191,3,3,0
1,4.965694025062392,0.17688116225746175,3.2966899869092137,6,3,0
2,5.462661637323917,0.10245609441903476,3.5088192529197286,5,4,0
3,5.574088271255934,0.5870701236643666,3.922344961196909,7,6,0
5,3.481524795273413,0.8975509012715606,2.4667528024385614,7,5,0
3,5.208178354776349,0.5723179686790776,3.408636243952941,4,4,0
3,4.863297041924584,0.3223336081508943,2.5359199732451425,8,6,1
5,5.122686183068488,0.7825194844976576,2.5018253639057626,8,7,0
4,5.456534400384562,1.0706699984308956,3.330581757430613,7,6,0
3,4.627635599711285,1.7014003190637275,3.586402588962867,7,6,0
4,5.2370368942361925,1.7490806298885349,3.4588764176381317,7,6,1
1,1.9554817636101438,0.1263075918344658,0.9542359592117775,5,4,0
4,3.7100306080667678,0.24634653371613954,2.4231126191924255,4,2,0
5,4.893390451241453,2.148583348048414,3.595221036970915,5,3,0
4,5.071855025546789,0.41091817196837477,3.462070002814164,8,7,0
1,5.892892983488064,5.744276265265327,5.818584624376696,3,3,0
1,4.990697748178037,1.466826098072936,2.9944196283755793,7,4,0
1,5.906258431234197,0.10466673919211256,2.4754232474666185,5,4,0
3,5.599453658368442,0.8593031630140582,3.2057098618293076,7,7,1
3,5.3295963487614175,1.815866345082892,3.041751674056441,7,6,0
5,3.851199779309481,1.1171274272598308,2.15922875588275,6,6,0
4,4.041624521760635,0.6217799781961179,2.125838799713562,8,7,1
1,4.883236027154248,2.1717670850484727,3.9892387298124032,5,3,0
3,3.937950538181102,0.5442810680114303,2.3959760614316026,8,6,0
5,5.9296073811645424,2.421923032713373,4.735584896323601,7,6,0
3,4.912481325475987,0.4612967475135854,1.979263683682332,8,6,1
1,4.824352329723583,0.9510494087382844,2.6839066802436653,6,4,0
2,3.8776544756153783,0.9263482153859146,2.673593743855742,4,4,0
3,5.106359379589825,0.7150630115098203,3.375160773874334,7,6,0
4,5.444096572800146,0.8707436766876536,2.882504349184988,7,6,0
1,5.084341539472747,1.1744190820582752,3.1679022153162117,8,5,0
3,5.020660098864384,0.14192032062362953,3.0533416718464856,8,6,1
3,3.31918204152801,0.7786846476233354,2.086618971443365,7,6,0
5,5.725489690456507,1.7929320631477552,3.642942105675492,8,6,0
3,4.995361894233474,0.7291309994736803,2.381793454084455,6,5,0
3,5.901155299555184,1.488257319851677,3.6836762989689604,7,6,0
1,5.019426857302248,0.12651896786005487,2.6433991880165575,7,4,0
2,5.279908273104155,0.26989530534043127,3.5896713338931514,5,4,0
3,4.985891875413562,0.2943255678703143,3.4706681263018524,8,7,1
3,5.80041596192139,3.1956067024477335,4.4621935753149495,7,6,1
3,4.737262081167856,0.4015850824063124,3.067315284812739,8,6,0
4,5.869467420214709,0.4997940544462224,2.7232628932654523,8,5,0
3,4.636574082275085,1.5024954259952399,3.113959148227088,8,7,0
3,4.66581034290938,0.4127969734021508,2.059520189147117,8,5,1
4,4.914643114752905,0.6749324622464605,3.35798889058839,7,7,1
3,4.04853413158792,0.43688418482372193,2.4514846212588823,6,6,0
1,5.754561916841859,0.519094994055507,3.731740373358052,8,5,0
1,3.26260130895817,2.9535116195354845,3.108056464246827,3,2,0
2,5.47676355467125,1.1847090330757208,3.3388360193623767,6,5,0
3,5.790090023725426,0.2219121029523612,3.4976910034253597,8,5,0
1,4.729860175048028,0.9988370605697575,3.170909726047014,8,4,0
3,5.638638767758634,0.3986423609168175,2.9665672114314874,7,6,1
4,5.66915973237576,0.2747303431768797,2.565113997804637,7,7,0
3,4.644896371525439,0.1847180764215801,2.239954558336799,6,5,0
1,5.266232085459243,3.425660593157439,4.466569108179795,4,3,0
4,5.9159919746941085,2.368639712613095,3.644334717729896,8,7,1
3,2.12608657538048,0.36527644025164874,0.969497518783586,4,4,0
4,3.1073199120150488,1.508145709229362,2.4464453851520704,4,4,0
2,2.785215852675681,1.7883215919001718,2.2867687222879267,3,3,0
4,4.614390214200103,2.3752576071832205,3.317774936409058,6,6,0
4,5.147480620150607,1.1511697664239409,2.7500054117868697,8,7,0
3,5.8353412331260754,2.3362105615768702,4.1437341414569175,7,7,1
1,5.818792628136325,1.904022563068143,3.603464387913044,6,5,0
4,5.055851401798608,0.3049837427317097,2.717103387454398,8,6,1
4,3.53097515345081,1.1091908838287359,2.010954394048527,5,4,0
4,4.51995072341439,0.42918754735040565,2.662711434626067,7,5,0
3,5.745256353888307,0.36238313673076783,3.023682814149815,7,5,1
4,5.9985892407742885,1.1706014598336882,3.021075943970415,7,6,0
4,5.603541745432803,0.3682050698002848,4.521850307146645,7,7,1
1,3.6654615700074062,0.12518067264123175,2.3198472109154444,5,4,0
4,4.536856263182162,0.4038717380823821,2.6283828992860556,5,5,0
3,5.25795761523316,0.34982426210040984,3.293264934256754,8,7,1
2,3.510229798968119,1.8047484916392071,2.499646313002503,5,4,0
4,4.172183041855961,0.20704413176644554,2.0257371611292636,8,6,1
5,5.894063830677934,0.5633507191722654,3.359451893141011,8,6,0
4,5.610247867115709,0.5077771651753764,2.5621251681924524,7,7,1
3,5.387125342237587,0.4230246712287924,2.050125638754533,7,6,1
3,5.493484108941571,0.5062744721048358,3.500163644548316,4,3,0
3,5.203251359491125,1.2533465095531875,3.856810883772727,7,6,1
4,5.95050180887897,1.0779477163987747,4.017439376455364,7,5,0
3,5.320549339668242,1.3226150171645719,4.2105697324234095,7,6,1
3,4.859112867450199,2.1080380762340454,3.935228787147526,6,5,0
5,5.94866738090274,2.1376455073868263,3.7581455940795694,6,5,0
2,2.9441176923097894,0.18265173087639053,1.56338471159309,3,2,0
3,4.484611861084789,2.165480833443306,3.0892520403333505,7,6,1
1,4.830409145707831,1.6586719569909008,3.449535857090144,7,5,0
4,3.919441958578005,0.25440448773738167,2.6274076120919907,7,7,1
4,5.064068339060704,1.5652955269980122,2.7721427706621435,6,5,0
0,5.348818559699443,0.8066002179217544,2.917755511794207,8,4,0
3,5.370198218891186,2.2544228860776436,3.792429305763308,4,4,0
3,3.7938063490473355,0.46425628115019446,2.21133897829402,6,5,0
4,4.433791851511445,0.7439057923683594,3.4426776115969666,6,4,0
4,4.977093638646638,0.21650934629559176,2.8491539082260715,8,7,1
1,5.340239739886751,0.5329687345629783,2.4098374875428514,8,5,0
1,2.285763597015234,0.15506378397687065,1.2204136904960523,3,3,0
5,5.8033297321063255,0.19097344612719236,2.325744356583786,6,5,0
2,1.444870723328162,1.444870723328162,1.444870723328162,2,2,0
2,5.791227780850441,0.7776638397413006,3.636745085835258,5,5,0
1,4.533288025719902,3.736387261283156,4.1348376435015295,3,3,0
1,5.727285783106988,3.827643900387399,4.935732354377532,4,3,0
3,5.931873948920336,0.14068798190652027,2.794986913360209,7,5,0
3,5.544258602641534,0.3299593201644214,3.005312994631518,8,7,1
1,5.654808054663427,0.7525195715147912,3.51452815195756,7,4,0
3,5.159959714873997,1.9048325391455925,3.532396127009795,3,2,0
4,4.9428869937309505,0.9770301706383466,3.3430160174725367,6,6,1
4,5.375989017955361,3.3373580766398914,4.763232652623352,5,4,0
3,4.17787824388987,0.1179635451213664,2.393251457751006,7,6,1
3,5.960854993740048,1.152647098325924,3.1434015598500813,6,5,0
3,4.062495291844043,0.10970873142114218,2.3930278296446743,8,5,1
1,3.924209691018082,1.3894096293727016,2.7496402703471934,5,4,0
4,4.773064679834518,0.21682156103956046,2.75176265123279,5,3,0
3,5.902878561310252,0.3103472357523422,3.5815545004157605,8,6,1
3,5.738398297158406,0.6520960639945503,2.816903762666477,8,6,1
3,3.8859468224474125,1.2108233390137164,2.3460469358835985,5,3,0
3,5.7139471118645275,1.356160645965882,2.9767979475327104,8,6,0
3,5.88777708391912,1.2914431693471586,3.5487170145022198,5,5,0
1,2.803343583789274,0.36411276011960436,1.5837281719544394,3,2,0
4,5.449087607647016,0.13257906188361665,3.0943880907527253,8,6,1
0,4.859173084805008,2.8378252234326893,3.4629978629983524,5,2,0
4,3.4187903986052435,2.437830318050926,2.9662828366945617,4,4,0
2,4.49465174795108,1.4179717907760492,3.164503064234952,4,3,0
3,5.91262535267178,0.7174633436654471,3.1816881856159323,7,5,0
4,3.291483610809901,0.6370144000129003,2.045584775532619,8,5,0
5,5.877458999448481,1.139729527207783,3.8265103062948476,8,5,0
1,5.089614812027141,3.121333373656874,4.106523112870406,6,4,0
4,4.547147055527834,0.7176578821160028,3.0744189422460213,5,5,0
2,5.627318393419778,1.0790464772988515,3.7494476888097257,7,4,0
1,4.941575603082343,3.002441704862769,4.127132128407041,4,3,0
1,4.263517055895613,0.8636644388495432,2.6706815978402125,6,3,0
3,5.3131240572069816,1.2424674578706336,3.8741646041967313,6,5,1
3,5.978950817562182,0.91093130163567,3.840281064171696,6,5,0
1,0.2307411702595196,0.19826130011040002,0.2145012351849598,3,3,0
4,5.772243231599125,0.4664777676919717,3.306669422483167,8,7,1
1,5.951525621928306,0.9789089184783174,3.8064175304019865,4,4,0
3,4.836352996511653,0.2394471354883279,2.217106282207438,6,6,0
3,5.833622403624882,0.3039422041630603,2.8766676201252537,8,5,1
3,5.984862757439924,0.5009767687903981,3.2461799508593536,5,5,0
4,4.281819575130204,2.6767428729898137,3.485255269435228,5,5,0
6,4.598588795082704,1.05558261500883,2.5255395832459313,8,7,0
3,4.3976176520452865,0.4622723666483226,2.1357208189406136,7,5,0
3,5.984820385124401,0.8909905122520583,2.7893077598177363,7,6,0
1,4.967151526547234,0.18186844574475758,2.8378728954840065,7,4,0
1,5.324094821019492,2.0569913992027287,3.2698120241277553,8,4,0
0,5.674712291486194,4.398475855326977,5.036594073406585,3,3,0
1,5.268485394744502,0.4703880602315411,3.5285023035524605,5,5,0
1,5.973195988233561,0.45805865838706994,3.3743242956880715,8,5,0
4,5.393201403768042,1.2762422706293426,3.141724108560966,8,6,1
3,5.049488893979053,0.48336845091932334,2.5631820016945044,8,6,0
1,5.444243344252378,2.4470299885306934,4.106469734984545,5,4,0
4,5.853316751492424,1.169952830248747,3.425915175117063,8,7,0
3,5.0684076578499555,0.6428133924559095,2.8543637544036558,5,4,0
3,5.974200592839089,1.4139586939376354,2.9801499404867733,8,6,1
3,5.810898414338846,2.0661587014574274,3.777361110251379,8,4,0
2,2.8857064683261417,2.8857064683261417,2.8857064683261417,2,2,0
2,5.195272326891438,1.945012496697554,3.5822783133336538,5,3,0
1,5.802899307247407,1.5341343439873627,4.454936257419606,6,4,0
1,5.109541848063193,4.563794473179589,4.758274379984449,4,3,0
3,5.403928157448353,0.34256514456231224,2.5819004513446737,7,7,1
4,5.396766288722562,1.8717696599626885,3.779329714497647,8,6,1
1,4.994096103549204,0.6285214962349182,2.7787068385626426,8,4,0
3,4.367443665810435,0.209272347179279,1.9100514417251344,8,6,0
4,5.864627540041975,0.5638907340467082,3.937073791294122,8,6,0
1,5.915940691752675,0.703902025063829,2.5313512381830194,8,5,0
1,5.730153542952409,0.20660577164391195,3.3338331321777193,7,4,0
1,5.923596787003518,2.581218726668812,4.618317067089644,4,4,0
3,5.899977314875283,0.11759716657167577,3.291713064254679,8,6,1
3,5.908352572098114,1.156494899741441,3.4946975348122327,7,6,1
7,5.966586699456277,0.20289348064738386,3.244841504054997,8,5,0
3,5.980045327381177,0.18265916103860438,2.679162313500975,8,6,1
6,5.806258890446176,0.23987185109173165,1.7648403823751235,8,6,0
1,4.487381173850525,0.7937940683423153,2.5797737175268263,8,5,0
3,4.936532289617561,0.3195038468630143,2.8714551951961895,7,5,1
3,5.316112278171918,0.562072342650909,2.6290553518895936,8,6,1
2,5.477353259608483,0.46134916223368927,2.969351210921086,3,3,0
3,5.120927816008271,0.6678029330108056,2.691729346121931,8,6,1
3,5.977787882944083,0.8771167451765707,3.6375186029674005,8,7,0
1,5.892268860900437,2.351112260593713,3.466472761880272,7,3,0
1,1.5209849112701714,0.6867009858134696,1.1038429485418204,3,2,0
4,5.975224102078398,0.42911859192932955,3.455148677876478,7,7,1
3,5.720485931106755,0.9991866205261402,2.6851946940292994,8,5,1
3,5.506514668830584,3.4781542517447073,4.6543140332289825,7,5,1
5,4.761325786795458,1.0880507005300655,2.990659885497303,7,4,0
3,4.342064649983524,0.7275702048633302,2.6811859666249656,8,5,1
3,5.26206405009391,0.5935323332531671,2.8745061631824114,6,6,0
4,5.61668712972076,2.4570577492967645,3.7335382442000733,7,7,1
3,5.138884179608674,0.4754664171410843,2.9615273896673244,7,6,1
4,5.678868977251286,2.7130667617006368,4.01949151059451,7,6,0
4,5.317719380377558,0.3683326517148836,2.775927417129158,6,5,0
3,5.467734905451519,1.3403485954355578,3.7922962335652897,6,5,0
2,5.7049643705699165,5.3804396194497075,5.542701995009812,3,3,0
4,5.476175087527417,2.538574163876977,3.490782184009711,5,4,0
3,3.3164006704497537,0.45416968978699657,1.771782283426646,8,5,1
5,5.059106312571396,0.8683426912157178,2.4601070918185792,7,6,0
4,5.344933475940978,0.48631987793925013,3.16390186556407,8,6,1
1,4.9692688721165785,4.426456440801545,4.687178885476823,4,3,0
3,5.989837987231236,1.7908948751270324,3.6756599462933077,7,5,1
3,5.837064601894419,1.8005219583951841,3.0796934003893246,8,6,0
3,4.934860764148643,1.735985540631648,3.671297763514938,7,5,0
2,5.371275231298774,0.4600659900121272,3.610626655791639,5,3,0
4,5.499114341260672,0.4083704811610164,2.509791814442834,8,8,1
3,5.546299272295015,1.3745553134591861,3.6999912455078805,8,7,0
0,3.467933385776897,0.12081622308860328,1.4972363518612621,6,2,0
1,5.728392134524126,5.26914874204067,5.498770438282398,3,3,0
3,5.708518723905448,0.4241793906994793,2.2810468085747373,7,5,0
2,4.421565209376154,2.1495088416776857,2.9014366288134106,5,5,0
3,4.049707583876711,0.8469746767191793,2.504519746463569,6,5,0
3,5.354386014504869,2.090209210557965,3.5233010260569237,6,5,0
4,4.978170751596925,0.2935565741512977,2.029646418727047,5,4,0
1,3.7456035293187155,0.9461059526503991,2.5152424236222095,4,3,0
3,5.90842536338866,0.5840444875378941,3.5116448508976212,7,7,0
3,5.793808616473923,0.9728807064980753,3.5830279703454755,6,5,0
4,4.8311416862669505,1.5287099153710755,3.3999188900643627,5,4,0
3,4.1194581433818716,2.4548209215584516,3.2871395324701616,3,2,0
3,5.314718094894473,0.42858110428169727,2.6527052853697266,5,5,0
3,5.284433101818007,1.312950256438417,3.16147575305182,7,6,1
3,5.894756847214822,0.15669561203737664,3.768832867933932,6,6,0
3,4.587021431182437,0.5539244525428084,2.376027815601875,8,7,1
4,5.670385620919909,0.8713696978538796,3.279895728278092,8,7,1
3,5.581651504694205,3.170726012166414,4.931892179790578,7,6,0
4,4.900487059619962,0.3811414080208527,1.9538133201678725,5,4,0
3,5.672905532498418,0.23921486287084587,2.971017760370086,6,6,0
3,4.182349102303957,0.13379003368967768,2.0648460519649356,7,6,0
2,4.961705821317526,1.803235637787652,3.663599033774285,5,4,0
4,5.245705286408,0.9337246748568405,3.289546575203587,7,6,1
3,4.931269604204992,0.2501863604649584,3.1321264121916443,8,6,1
1,4.803832255227242,0.9029058024233554,2.8963470711339396,4,3,0
3,5.20403391281491,1.2068214497429242,2.834041554572897,7,4,0
3,5.933264330820011,2.428328136322531,4.0216851645841105,8,5,1
2,5.284601817479841,1.425954439311015,3.355278128395428,3,3,0
5,5.4498865459983685,2.4960151905654557,4.279533904585764,6,4,0
4,4.607305789756067,0.6827143770552488,2.302383020425306,8,6,1
4,4.003649564402366,0.6955222873717872,2.3200215914952165,8,6,0
2,3.086088624892356,1.314156823511312,2.200122724201834,3,3,0
3,5.5856202226713565,0.6021736550277805,2.4240820454675336,7,6,1
3,4.151478443910247,0.6898776178323723,2.5826252903825506,8,6,1
1,5.801467812496042,0.7547763879707746,2.81403149026781,7,5,0
4,4.780380152140342,0.21704776924989133,2.6348999359508523,7,6,0
1,5.15196165965804,0.737301844173931,3.652429714293646,8,5,0
4,4.5598819767582315,0.48458376402839287,2.153020283130039,8,6,0
5,5.3430361337728405,1.6250744498090064,3.534958867530107,5,4,0
3,5.043773077477222,1.6369307570713865,2.9783765567441627,8,6,1
3,3.574840374516758,0.4387561368424,2.037562397907885,8,6,0
4,3.1848168067459564,1.2199924199560899,2.1552221924141697,7,7,0
1,5.37483768281001,5.171790263959757,5.273313973384884,3,2,0
3,5.593917840806174,0.973375455561126,2.951930747410421,8,5,0
3,5.794699586613735,1.2521050384076,2.928846205945717,7,7,1
2,3.9782092389311874,3.0650614655971387,3.5912500745017724,4,4,0
3,4.412987446219721,3.1710054275974593,3.879159586997222,5,4,0
2,5.013443419601867,1.3058152931538836,3.3517020857224344,4,4,0
1,4.258400682362968,1.6535212281155782,2.955960955239273,3,3,0
3,5.951711666422446,0.2332817680836724,3.3000395357962398,8,6,1
4,4.890381272771918,0.55381767105981,3.3127133468401087,7,7,1
3,4.955260379422354,0.1257990319884263,2.775697642707486,8,5,1
3,5.500016406310795,0.2646951756587716,2.915295813339614,8,6,1
6,5.6667400214763415,1.3433477055856782,3.87457770799873,7,5,0
1,4.7884247354366485,0.7933041735828684,2.248528685948676,6,4,0
5,5.794625641878059,1.8148819600853854,4.407274022981726,8,5,0
3,5.773338806602923,0.4954687454976001,4.100589740676019,8,6,1
2,5.581323693382751,1.0100835447021173,4.164837445136966,5,3,0
4,5.056864449037274,0.9285640016698409,3.632616831712629,6,6,0
1,5.430754261539123,3.673772065098283,4.408658501491105,4,3,0
3,3.591817573312631,2.4050834884433376,3.1445765368341827,4,4,0
4,3.775739017493701,0.4397249648743965,2.231690347629878,5,5,0
2,3.7759370911440886,3.7759370911440886,3.7759370911440886,2,2,0
4,5.709534269355727,0.9167946485805204,3.6674180570940282,8,8,0
3,5.893776119078226,0.1095297769648471,3.552901675966581,8,6,1
4,5.826426748564851,0.18213974568029923,3.2973788082275552,8,7,1
0,4.363189767637425,2.767178851306098,3.5651843094717615,3,2,0
3,5.463693922304117,2.743496639488033,4.136934257716018,7,5,1
2,3.897200934805644,2.833516493659086,3.2481844789238585,4,4,0
3,5.030539939865238,2.158808600980817,3.2907257458866885,6,4,0
1,1.7854622339127213,1.0462362362597761,1.4158492350862488,3,3,0
3,5.730879800837306,0.47719725238022115,3.9106383141789487,8,7,0
3,5.51948681121647,1.2562237736299033,3.350872872105083,6,6,0
5,5.971343216571873,2.6781107274024945,4.193198067814906,6,5,0
5,5.006698451253147,2.2556025412102656,3.417099014067069,7,5,0
4,3.88285896875671,1.9467903236735267,2.7121935695995636,4,4,0
3,2.792571327957435,1.9313990834968915,2.361985205727163,3,3,0
3,5.051645236013049,1.4001951232000187,3.3553826907877005,8,6,0
1,4.674924422051066,0.2628566315207559,2.024675386703698,7,5,0
1,4.064697555126044,3.5270192423492284,3.7958583987376358,3,3,0
3,4.341743526354071,2.0126731607495345,2.894937493515189,4,4,0
4,5.207574089166516,1.4192637778493786,3.637254852702992,6,6,0
2,3.801160029562658,3.6573742108554015,3.7273056671887184,4,3,0
5,5.949429612170042,0.5670898390227712,3.0400935019243387,8,5,0
3,5.235192193220645,0.6681628665550325,3.1555212706301785,8,5,0
3,4.067090795585666,1.6441780297113133,2.7833442472447434,7,5,1
1,5.564691270891216,0.31263823818892467,2.6796002517227224,6,4,0
4,5.332590791677711,1.9339104391980273,3.3672419863633216,8,7,1
4,5.458310110535401,0.6933981345134193,2.7141843410452005,8,6,0
1,3.2747632966895925,1.0447089616792689,2.3837676001736505,4,4,0
1,5.545075952120643,0.5540495513552969,2.7600487481783365,6,4,0
4,5.571020698883687,1.282584957828025,3.9234172872348836,8,8,0
4,5.2371730015876805,0.7666892432485173,3.747551474091506,8,7,0
3,4.499507520410077,1.515936810892399,3.096714898717618,7,6,1
2,5.635583691568059,0.419650474197404,2.9604762093233963,8,6,0
4,4.838430684636672,0.30289063175892583,2.9016917345041793,5,4,0
1,5.206963788187386,0.20063824420922932,3.2190295302091125,4,3,0
2,4.612691700274003,0.8853558795337474,2.7490237899038754,3,3,0
1,5.923076311121189,0.3060049729240976,3.254983505868445,5,3,0
4,2.5101841386773995,0.7797900264903097,1.578540698484648,7,7,1
3,5.47753955019041,1.702297343647097,3.268664722981608,8,5,1
3,5.653787276528708,1.8762344414421401,3.6000813311507875,7,6,0
1,3.4055284313948584,0.20132930889871425,1.4647591371927413,7,5,0
1,4.6834770007246,0.6777145178651631,3.202776999009739,4,4,0
1,5.991958393425426,0.994503414355617,2.928230120140778,6,4,0
1,1.722821096836733,0.6778530731620163,1.2003370849993746,3,3,0
1,5.492603150800993,2.7228296284033426,3.950235803453449,4,2,0
2,5.149799627323601,1.4849710607155275,2.709466036907481,4,3,0
1,5.504794908491641,1.2162191101104771,3.396339601174001,6,4,0
3,5.343957807075995,0.11221232808572125,3.1130259896296595,8,6,0
1,3.426645094867239,1.20676278750877,2.470164537112644,4,3,0
1,5.242969779924518,4.989035159058864,5.116002469491692,3,2,0
3,5.445476134781229,0.5548478670299697,2.3133666851277774,8,6,1
5,5.1413746647044745,0.4105815902155914,2.0273098978849347,8,6,0
1,2.270563973810083,0.24457108452320747,1.0464080157388267,5,3,0
4,5.9629913858556165,1.4969734671508854,3.4904295592594523,5,5,0
1,5.8355515799759425,0.7679506976223722,2.710269256568376,7,5,0
1,4.489224913238746,1.3129178429743567,2.9010713781065514,3,3,0
4,5.477918250992551,0.5358655259666106,2.4392856031793335,7,6,1
1,4.712211216374953,2.224127941761116,3.468169579068035,3,3,0
1,5.067579590989643,0.5903287898195765,2.37047873151765,4,3,0
3,5.483937137413241,0.3736855583256645,2.5420189863751386,7,7,1
1,1.1922609751611253,0.6423544426681076,0.9173077089146164,3,2,0
4,5.8568041887491695,0.4587526980944825,3.306943440940242,8,5,0
7,5.917615338904159,1.9920506943104654,4.191583958973625,8,4,0
2,4.654484631055594,1.6336533373938222,3.186651811291905,5,3,0
1,4.803848930573912,1.3566777711294153,3.129563050902522,4,4,0
4,4.580293347823185,0.7312549178894469,2.6415009030130436,8,7,0
3,5.15240727317786,0.5190637432758951,3.5778264580890635,7,5,0
3,5.274343982710101,0.722457284626411,3.264568548732633,5,5,0
3,4.906428541009724,0.34520381480465095,3.0683654594743457,8,7,1
1,5.822435024182339,1.0305153234992892,2.9025814766010956,7,5,0
3,4.705845170081439,1.4105932973831343,3.763850371211044,5,5,0
3,5.702685241928141,2.790762178286286,4.294783393922829,8,5,1
3,5.829484240398803,0.722911021491464,3.2302640925599753,8,5,1
3,4.716726053130209,0.4716356294634988,2.7661506883068436,8,6,1
4,4.9931462431104645,0.3419863852723821,3.1163164411726765,7,6,0
1,4.759268791860286,0.7602208683686551,3.6129548990647806,6,3,0
4,4.8393559735030465,0.5812224139999137,2.7293117514684195,7,5,1
3,5.822650256088449,0.897199670086895,2.7925010563003836,6,5,0
3,5.399632786651089,1.0200085609792406,3.6272641909133596,7,5,0
1,5.898973730152804,1.1067130158614795,3.018432176120435,8,5,0
2,3.990839959914838,1.440157183115741,2.7154985715152895,3,3,0
6,4.172211313378164,1.00643666918611,2.7080133931854014,7,6,0
8,5.318057522822715,0.464508189700488,2.728521168568011,8,4,0
1,5.6891966027991465,0.5134140860353378,3.84460468774095,8,4,0
1,5.684864778045001,1.546192579406582,3.7601669022906705,7,4,0
3,3.8501118247933763,1.0871420290096172,2.883211472203071,5,5,0
3,4.628311767637437,1.8082343560139151,3.129062964453771,8,6,1
4,4.404281944613182,0.690738591654302,2.495454293424935,8,6,1
4,5.941388013686818,1.115986471631535,3.4373840755501006,5,4,0
3,5.916496360911316,2.1597426860542877,4.035819888193424,6,5,0
5,5.868868509712658,3.668271953758734,4.648538130935357,6,5,0
3,4.875905280931279,0.5601325289246349,2.9367246574348194,8,5,1
0,2.201199453452972,2.201199453452972,2.201199453452972,2,1,0
3,2.9799188504308045,0.18341835138407303,1.3346416950822537,8,5,1
1,2.4220960391918505,1.0732710975473945,1.779812826822898,5,4,0
3,4.504961994009389,1.4492300590226295,2.5788321582692184,5,4,0
4,5.79223182869778,0.8907662085617075,3.9661378519673938,6,4,0
1,5.6970020717209175,2.0826875112067054,3.6363345919527967,8,5,0
3,5.632767764847287,0.22584246661962015,2.284041089753033,8,6,0
3,5.033683455948255,0.2849448647772216,3.1799528055193007,7,4,0
1,5.071754712994935,0.7225140857450247,3.1390145644606706,8,4,0
4,5.389959422875094,1.1272179965056404,3.525109975985157,8,6,1
4,4.0725626431002855,0.5864309588577202,1.6967300327667822,5,4,0
0,3.3414077183762427,0.9330775268873839,2.1372426226318133,3,2,0
3,4.188700531278139,0.9069515889743235,2.4187990668617796,8,7,1
1,5.440935561019094,0.6861611091982655,2.828215683808946,7,5,0
1,4.731260977370406,2.4197638208252457,3.7802796730344816,4,3,0
3,5.932189793531386,0.36320458668786915,2.995498598253476,7,6,1
2,5.696573848864382,2.5830809237516696,3.6320749148427556,4,4,0
3,4.294454000847898,3.2338602858452874,3.6743411465200952,8,5,1
3,4.448426856369031,0.5366440284669661,2.0541510046128497,8,6,1
3,3.6228991167082807,0.6103959304792361,1.758538887972694,7,6,1
4,5.693913284588504,1.285403434622349,3.603144632435228,6,4,0
3,4.779299172674196,2.024320612937043,3.5240069171832324,5,4,0
1,5.281067077461512,1.9908796934785988,4.249848565030156,5,4,0
1,4.626878369192218,1.5858126972267776,3.317168256475129,5,5,0
4,4.726853675910171,0.23860509997750767,1.7680395577674684,5,5,0
3,5.7711025661198105,2.70177103818957,4.0730454566428556,5,5,0
3,5.754580746437096,1.7490228708561095,4.512431487428222,7,5,1
4,5.540637086476278,0.6119941635095485,3.270486309299919,7,7,1
3,4.979355820223056,2.601203877292581,4.087373004295913,4,4,0
3,4.3071036134856,0.3514920813778244,2.041595744889586,8,6,1
1,5.918880603143748,0.17223047230564897,2.9743361762808926,8,4,0
4,5.533486599458283,1.3458743592384,4.020789664937635,8,7,1
4,5.5993616467267175,2.9018498420847263,4.076669809407504,5,5,0
6,5.2883453279552075,2.8449325690669265,4.19897091880818,7,5,0
3,5.775407550853008,2.558745299991329,3.9731858168150604,7,5,1
2,5.148857567190752,0.6689602764131993,3.2570568284808776,5,4,0
3,5.976627483168417,0.20466751771541933,3.552829017573956,8,7,1
1,4.432568462294217,1.0935582260197934,2.411452001828989,4,3,0
4,3.641115074634689,1.1489106666372382,2.7803833371027165,5,3,0
2,4.339148462448031,1.0710623573920615,2.5513961425355864,5,5,0
4,4.199047956103059,0.5121728863307635,2.4773739770761534,4,3,0
1,5.119404252699819,0.5026469570303518,2.259921780642643,6,4,0
4,5.026153465215069,3.394986770721745,3.973930281044948,4,3,0
1,5.8370272047399405,0.2742688642377741,1.9798566678312923,6,4,0
5,4.9217742714110235,0.9797110150515739,2.961199394560458,7,6,0
3,5.6914649675528,2.867403760349031,4.461423251899089,8,6,1
3,5.427221077180265,0.8869488803845063,3.6470186277810974,8,5,1
1,5.845550561216008,1.7304759991937182,3.262550035908699,8,4,0
4,5.31712476041887,0.6695235884856754,2.8630570833088913,8,6,1
2,5.885308796821546,0.10614264777720568,3.6008619948199,6,4,0
2,5.101472915055626,1.1799273625797269,3.3981302857829703,7,5,0
3,5.713676854289094,1.9143488351474927,3.9998611688562513,8,6,1
4,5.167967710612128,0.14548220959432168,2.61269271567105,8,7,1
4,5.392389120016077,1.364745795913892,3.5849601938895415,7,6,1
3,2.8169197401910004,0.9855660075135213,1.8391757261811232,5,5,0
3,4.539541149939078,2.3033673615189736,3.3617649134832543,5,5,0
5,4.866904882195311,1.1461620916305684,2.77904439462811,8,7,0
4,4.657929656566635,0.45908530271682635,2.7260095378976095,8,7,0
4,2.732035688547249,1.2545804744529483,1.8854120009624231,6,3,0
1,5.475198292638414,0.9380992633990993,2.3952808574103552,6,5,0
3,5.399741679681911,2.660129347384642,3.4623547933379637,7,6,1
6,5.97564360647575,0.3679009036526726,3.2365577879219,7,5,0
4,5.8499419474013115,0.35312908399802323,2.123709052740252,8,7,1
6,3.7232567628135884,1.20805275215387,2.6169873129914003,7,5,0
4,2.8880631467452336,0.22648599118944657,1.834505164257232,7,6,1
1,4.151896970002198,0.2593963534814133,2.921327076891449,7,5,0
3,4.352926748122442,0.26935019963763956,2.0179157088851474,8,5,1
5,3.4354808577249405,1.4856168713364777,2.2764615183167445,5,3,0
1,5.4539597081787035,0.5989840340733211,3.094193368803093,5,3,0
1,4.673476411726937,0.9012863771264628,3.351150731524239,4,3,0
4,5.393002996468374,0.7387987515900206,3.252813271414039,7,7,1
3,5.468627319027486,2.4719556527409843,3.924652121591428,8,6,1
1,3.5648179537189346,3.5444140533370616,3.554616003527998,3,3,0
3,5.995162542548534,0.8807807864012545,3.336359230863299,8,6,1
3,5.199762009888174,0.5408344549276292,2.186010492372035,8,6,0
4,5.771852343463627,1.5266923077949788,3.18821343690688,6,6,0
1,5.018734897613362,0.261947932553399,2.5973688410398412,8,5,0
3,5.242470699828773,0.917317460151877,3.38911265866929,5,4,0
4,5.0939971120166625,0.222838208251585,2.643448945685606,7,6,1
4,4.973871870682501,0.6676957642123436,2.999488312210406,7,7,0
3,5.574881888157628,2.386865690852411,4.130758748810729,8,6,1
3,3.9486600819563846,0.6941933821006968,1.8294777766698294,5,4,0
4,5.952982711279186,0.7434952491406446,3.309366811104095,8,6,0
4,4.632717826905624,0.17707055824236798,2.311214381342597,6,6,0
4,5.528963647539975,0.3403409345828682,2.641509020065293,7,7,1
3,5.204434519750958,0.4135068273984366,1.9238870655228066,6,6,0
1,5.881241676701179,0.775308162350676,4.400714826839385,6,4,0
4,5.029820246989804,0.12200043886375485,2.107925536485801,7,4,0
4,5.1543661320526,1.9508442598251776,3.3578019541249335,7,6,0
4,4.665980903844703,0.8833777924973638,1.9709619876145172,6,6,0
5,5.330324692614453,1.9273779311927357,3.120331778123009,8,5,0
6,5.648807481325029,1.284507166680276,3.8884773308321305,6,4,0
4,4.999591144234426,1.0667432104227335,2.7837288035276724,7,6,1
4,5.29864860328989,0.5492437504223308,3.6327410925857166,8,5,0
4,3.807919190654437,0.7156887300353502,2.448993489449992,7,7,1
2,5.399443957456969,0.8357615544649661,3.088693098370728,5,4,0
1,5.397619010505975,0.5597752649461065,3.3221001140649524,4,3,0
3,5.008773359175724,0.38293237876470787,3.0366772704672695,8,6,1
4,5.996050170422556,0.21841573840829595,3.9057807977066084,8,6,1
3,4.174378483324432,0.6819641571541568,2.5843442573133424,8,6,1
3,2.3635961110842456,0.314066804487884,1.3388314577860647,3,3,0
4,5.32094743329765,1.5233381634897862,3.1635079267889306,8,7,0
4,4.368429624501751,0.11891826609525935,1.8387272101536334,8,7,0
3,5.013083516937844,1.1817283710936675,2.7118603288257828,7,6,1
3,4.961415163169875,2.8045105309961555,3.7496547354843544,8,7,1
3,3.7280806864967078,0.506283137107363,1.6240059407978562,4,4,0
3,5.550387578319294,1.3015092426836532,3.756555852320985,8,6,1
2,2.947264995757564,0.476399145884156,1.4805868445581452,4,4,0
4,5.33520110879667,0.7025921267131106,3.3297447368182405,8,6,0
4,4.3017793186706985,1.28116168763767,2.5305801840312037,8,6,1
3,4.113634943302429,1.790517601069401,2.68271414485003,6,5,0
4,4.699151427248511,0.7018381430109324,2.603356961249496,8,7,0
3,5.859462061872589,0.6824576776055089,3.921601038074422,7,5,1
1,1.6580835482822955,0.7713686499024659,1.2147260990923807,3,3,0
2,3.9114121214632522,1.6733647718943636,2.792388446678808,3,3,0
3,5.764048099241103,0.6924711847865552,3.5424292445922125,8,5,1
3,3.703893434366676,1.2220264739721274,2.201951694548403,5,5,0
3,4.248902340489187,0.5889002267172597,1.9113629479865033,8,6,1
4,5.92593003874902,0.18580384085290286,3.4356098043513303,8,7,1
3,3.638272562422807,2.30115569363132,3.062523832861223,6,4,0
2,5.991620098501335,0.8276570881367116,4.511645700541803,6,3,0
5,5.782987304707546,0.15179832438446292,2.13230300276388,7,6,0
4,5.105018226442498,0.4954623069636487,2.5668489828807424,8,7,1
3,5.9898960530821235,0.20741387833273275,3.590282726913809,8,6,1
5,5.939165432836656,3.333232636451426,4.630403134582735,8,7,0
3,4.4964158625348425,0.4515447847120436,2.7741741916388847,8,5,1
3,5.345171651821532,1.1133802126504744,2.5702785138775863,7,6,1
1,3.638241536738755,2.1093745868660747,2.873808061802415,3,3,0
1,5.581685977206132,2.4609689899887344,4.335779651199033,7,4,0
3,5.878760630178584,0.8252851815588831,2.1042305104351606,8,5,0
2,5.4916294731120985,2.211895071074565,3.8836594206510084,8,5,0
5,4.057200758821826,0.4237662061909109,2.0973931193539843,8,5,0
3,5.534077541820379,1.162418999783707,3.2956045908183644,7,7,1
4,5.711296639282367,0.14362597672807262,2.8103952369016016,6,5,0
5,5.551361975422575,1.4917584382943554,3.6806510602493097,6,5,0
4,5.311587328108946,0.9319923023305122,2.750038354894355,6,5,0
3,4.943665732054333,1.2563139369138367,3.1004193608850494,8,6,0
1,4.553713847470147,0.900468080148144,2.2127711004572874,4,4,0
3,3.1179359733588847,1.993868351567873,2.555902162463379,3,3,0
3,5.991285006580464,1.4051170531250712,3.8749486584793695,6,6,0
1,4.131858365883059,0.1007275549901951,2.116292960436627,3,3,0
2,5.677019635148944,0.9476332281384257,4.069826499825644,4,4,0
3,5.156934040683529,1.8500010904273616,3.0890902909226665,7,5,1
4,5.738677555677053,1.228259194818097,3.7801643376425855,8,7,1
1,5.0111487705281785,0.9218438043891299,3.8636131284168918,7,4,0
3,4.797857178769611,1.267927144761873,2.7553674771283716,8,6,1
3,4.579288567809567,0.5668980015174477,2.262352991963847,8,6,1
1,5.992219070955912,0.41150456310250483,4.071949097145775,7,4,0
3,4.726091615969076,0.6101703947605244,2.644537702303981,8,6,1
3,5.892313720272978,0.7764912856535414,4.16242773902291,5,4,0
3,4.403266166703064,1.0365416924190058,2.614679258066397,7,5,0
4,4.952814848367487,1.720724721661912,3.1239581703564494,7,7,1
3,5.502630421611465,3.2013440272150797,4.416397330335643,6,5,0
3,5.3271620463502245,0.5639020429085757,2.0309576303821966,8,5,1
3,5.599100646635243,1.8719003745904925,4.048008201782027,8,7,1
3,3.8147830185169163,0.6112313543918475,2.085159976663521,6,4,0
3,5.585836599223207,1.6790346849214162,3.297770445496591,7,5,0
3,5.39101712786368,0.4289399894084953,2.2712674116275564,8,5,0
3,5.717583341495181,0.468961371402422,3.2600077140470307,8,6,1
3,5.069597915860757,0.8916306733282963,3.8666083820592516,7,6,1
4,5.3875268529636475,0.6212848937442111,2.759531975087256,6,4,0
4,2.7995477978978447,1.961611160865012,2.3095574490205797,5,4,0
4,5.694389899199607,1.1960083376140815,3.3849562003425775,6,6,0
1,5.275064867005555,0.26683548761443954,3.7351068851154543,5,3,0
5,5.742069594770305,2.6435758126269517,4.1385158444706285,7,5,0
4,4.974495247904073,0.4808317408010716,2.3774526995054104,8,5,0
3,5.600597078339033,0.1434098264567004,3.008924236643172,8,6,1
1,4.825119846514832,0.31992728537457693,2.5554755140120258,7,4,0
4,5.297261147749876,1.2381248156230011,3.230175110642597,7,6,1
3,5.606878379527288,4.1184102607235795,4.539201744000665,7,7,1
1,4.790054335620004,2.2335329102368453,3.844950188334326,6,4,0
6,4.956078499199601,0.5740488715953468,3.6460480325113633,8,6,0
5,5.334163775939382,0.6983917261050231,3.100043704181695,6,5,0
3,3.972168017621794,0.6972713144159595,2.189071932586413,7,6,1
3,4.012870239161653,0.37980243384204304,2.3576211390161723,7,7,1
1,5.598557723444689,1.210322179181166,3.5772631255006764,8,5,0
3,4.3170330774469345,0.33383812882586505,2.2309556693258923,7,5,0
3,5.877862701367871,0.252463703930757,2.973855341957114,7,5,0
4,5.6761566046965655,1.505608286287277,3.3609744851789585,8,4,0
3,5.440229007863558,2.6594472871204067,4.310384854836968,4,3,0
1,5.661693480787735,0.27034364493994767,3.6693500142313527,6,4,0
4,5.864348235824429,1.73598824358632,3.511623106614229,8,7,1
3,4.523922070786602,2.098694995737104,2.954953336835852,6,6,0
4,5.423462675681896,1.2613434280956186,2.9174690654731092,8,7,1
3,4.7181903471654545,2.353912065064588,3.568411459514593,7,5,0
3,5.159584855855591,0.6465959663279376,2.7997533840874564,7,5,0
3,4.7531997084964726,0.41308728249127213,2.418089485075922,8,5,1
4,5.394658140894117,0.731401416472343,2.983420935869372,8,7,0
3,4.9116932953638655,0.9831071660397024,2.768427298312393,8,6,1
1,4.547922538472549,1.3172554486649841,2.9837060525614643,6,4,0
4,5.844519534874528,0.26576988536602975,3.4285193200066777,8,6,1
3,4.350941382424216,2.0564307642133186,3.2036860733187673,3,2,0
3,5.822211873016077,0.5844297680230701,3.0834382027398872,6,5,0
3,4.144060771702915,0.3612937426154209,2.213156897242202,8,6,1
3,5.977844611976922,0.7382277519924418,2.6598601864055196,7,5,0
3,4.530328642374438,0.2568453096395784,2.395381780350877,8,6,1
4,5.735280570491084,0.46500310764117414,2.791112046388644,8,6,1
7,5.347511703807984,1.4931095438095807,3.3364211633656446,8,5,0
3,5.720622137819349,0.9177172370364397,3.4020421785274997,8,7,1
4,5.006523433750121,1.2001108472476048,4.022356441254428,7,6,0
3,4.868794922924894,0.7500380471780564,2.8376125783038604,7,5,1
4,3.4779820448601315,0.17410739080507479,1.623991371704239,8,7,1
4,5.1392115849713775,1.0579991078611444,2.97529552252313,7,7,0
6,5.789455779734603,0.34695282455296717,3.814145533120963,8,7,0
3,4.7504241701741305,0.9469216727804253,2.4960592901893905,6,5,0
3,5.767142681213702,0.3365221125761845,3.4179504194770476,4,4,0
3,4.523819284023213,0.35083783340881747,2.830488749547575,6,5,0
4,5.436911009057061,0.3594856974796492,2.9333013437661557,8,7,1
3,5.925314518477571,0.41389433150741817,2.655288492095552,8,6,1
1,5.668001460448239,1.617262763453756,4.01375652867265,7,5,0
5,5.600982279291816,2.854173495915854,4.384083424848556,5,3,0
4,5.433590316987492,0.12977783019719677,1.9095619096289231,7,6,1
4,4.889200222879072,1.1646144760317565,2.821991402471273,8,7,0
5,5.238455796087114,0.782076265064177,2.102425838382569,7,5,0
4,5.3344023724930665,0.3108638205534869,3.116498051008744,7,6,0
3,4.021809818667151,0.4309454519862551,2.259557581476517,8,7,1
4,4.0888393379868635,0.21129937075014055,2.3704884706127056,8,7,1
1,4.477769684577523,0.4198990309629984,2.2182702718097973,4,3,0
4,5.444414984362607,0.6170736949359056,3.1918802411023015,7,6,1
3,5.945758701911265,0.4877810736941006,4.341586868998655,8,6,1
3,4.974720785270134,0.5661828666883123,2.993962024102935,7,5,0
4,5.553131294183997,3.6274136831782773,4.635719467991829,5,4,0
4,5.060640320866899,2.220575827858701,3.2646676825756713,7,5,0
3,5.9329531235201145,1.2695448627026111,3.121146242206124,8,7,0
1,3.515306663939587,2.5075690733797984,3.055775459699305,4,3,0
4,2.648661298944668,1.5770016425708575,1.9796447642281763,5,5,0
3,5.356093543650603,1.0037112176131817,3.8694537425509283,6,4,0
1,5.887971625398033,1.4718036525885618,3.6963703607732437,8,5,0
4,5.847789753208704,0.13992362344901405,2.2571640093556047,8,7,1
3,4.56546060939806,1.6440994405922194,2.9781716287969844,7,6,0
1,5.045281140914362,0.44798675788745623,2.8147210104184293,7,3,0
1,5.393712042709362,3.4672397110896047,4.5840720325585504,6,4,0
4,5.708378894664898,0.5454498265272192,3.4783283265165004,7,6,1
1,5.97328143981849,1.819856541160678,3.933934973873154,7,5,0
3,5.072623547916684,2.3176562506742955,3.5775796190073694,8,5,1
1,5.2288261076269755,3.0639536707831176,4.0587229540529055,6,4,0
4,4.853756432215027,0.33149913120607055,2.7358607441120033,8,6,1
3,4.9201145272668985,2.0686433940052176,3.7443025077869003,7,5,1
1,5.368178290243091,1.426603730472057,3.0989944480340994,8,4,0
5,4.989485014646397,1.0342975760218396,3.7242803546468886,7,5,0
3,3.401894786372043,0.5918850180015482,2.348270790678968,7,6,1
3,5.2080649901644165,0.4718417137400065,2.364814667149704,6,5,0
4,5.6090381446716,0.5632088278929002,3.182784097716276,6,6,0
1,1.94342155955921,1.2257302606192075,1.5845759100892087,3,3,0
3,5.9178678220615675,0.6067572925892281,3.8638640297213036,6,5,1
4,4.3184041613013315,0.23868789577857072,2.197849452192657,8,7,1
3,5.897442952120922,0.10849518835080574,3.701488618965824,4,3,0
3,2.417717860956309,0.21611371086306855,1.3169157859096887,3,3,0
4,5.15214937422601,1.6619777260764528,2.6512842160576016,8,7,1
3,5.513624086894069,0.3037771192598684,2.4462370474063424,7,7,1
3,5.799236354582282,0.25266597363366256,2.8602429614062723,6,6,0
3,5.963537733710059,1.5108983542221786,4.477842386181562,6,4,0
4,5.239996035838259,0.7556250139765005,3.4237951423847,7,5,0
3,5.549471239429509,0.7647810498087209,3.2210051584058808,8,6,1
4,4.123712400498001,0.14643304273171343,2.6739016435631484,8,6,1
3,5.443941143175315,1.316924351347067,3.0556334688354787,8,6,0
2,4.651394859766172,4.340590049955292,4.4959924548607315,3,3,0
4,5.012430031089049,0.6313395012963859,2.8417590815998626,7,5,0
4,4.895301728790231,0.6708625499982062,2.13253815597176,6,4,0
3,5.995333027873828,1.0355101712673365,2.894253683007994,7,6,0
4,5.031391051298807,1.3798696118734881,3.4295770356037667,8,8,1
5,5.540341989500198,1.656638818347378,3.9746770753488114,8,5,0
3,4.307951405667756,0.25503663252630904,1.9668479050984176,8,6,1
3,3.548347129694755,0.7911919240364178,1.88645002772397,6,6,0
2,2.6073676037960993,2.0040579597183417,2.3057127817572205,3,3,0
4,5.7599953302979605,0.1662752023965383,2.917078830696458,8,7,1
4,5.411507920176094,1.5610388186905797,4.160973674058998,8,5,0
4,5.38777541921107,0.9756868402119645,3.4099552084150484,8,7,1
3,3.2939921783412425,0.7906920111313783,2.099244392925725,4,4,0
3,5.803556200629234,0.7465930574128286,3.242144242335865,8,5,0
2,1.8446097643201216,1.8446097643201216,1.8446097643201216,2,2,0
3,5.910823919780442,0.3623559486836704,3.065629615932747,8,6,1
3,5.77751487908869,0.6112762436258248,4.044521303138892,7,6,1
3,5.526182662356579,1.0375824173404842,3.0455698197605336,8,6,1
4,5.166408874257426,0.48384712521741924,2.190598064941295,6,5,0
2,5.427681687202835,0.34072978471057963,2.8842057359567073,3,3,0
1,3.6569804687881695,0.1338704247530922,2.2341257680824054,7,4,0
5,5.760784391865845,1.0938248052984934,3.8498635410946265,7,5,0
1,2.7397543612906863,0.4385799072222655,1.2111385734375757,4,4,0
4,4.373506847343302,1.210442230865775,2.6896326959213117,8,8,1
4,5.9955240961889595,2.3177667905405923,3.961883604118689,8,7,1
4,5.792431950854626,0.8119420643075659,2.608032434850984,6,4,0
2,4.328727688825723,3.7697776618350067,4.004921042748177,4,2,0
3,5.985173592469871,0.27389031986953705,3.341575053407074,5,4,0
4,5.875195671146713,0.9197547774494278,3.561494911738158,7,6,1
2,5.259624035398431,1.614075712559591,3.3965241504285157,4,4,0
4,5.919525962296084,0.20524332690845876,3.6811084404580496,8,6,0
3,5.859321252409789,4.468269419527369,5.0874886295151205,7,7,0
1,5.807444286159405,1.519598541500755,3.9218556770848676,7,3,0
1,5.951589383654131,1.1108078712021665,3.6980720920065253,8,5,0
1,3.8125017922614153,2.8205629541321446,3.3165323731967797,3,3,0
1,3.9685426345891415,0.9056272437270546,1.9321010710031656,5,4,0
2,4.6703836061219475,0.882443078588649,2.6624709611080575,5,5,0
3,5.710444657193609,1.840607827251589,3.2775790608042152,8,5,1
4,5.712312392692296,0.47246758067175465,2.609438571205806,8,8,1
3,5.397694615908071,0.5937138178030145,3.927500273667642,7,5,1
1,5.779691707614704,0.712671546741898,3.2715358795573213,4,4,0
3,5.963324812906447,1.8942665395908225,4.143663442968957,7,6,0
4,5.832068900983059,0.3549054685690446,2.9732093974066025,7,6,0
5,5.967214267956539,0.3791160860389442,2.419297905157173,7,6,0
3,5.7411159388226345,0.598394334207776,3.099462648560752,7,6,1
3,4.380067578909787,0.8415295390788917,3.2378761017700515,8,6,0
4,5.401044535367453,0.2231265476449827,2.697294660274554,6,6,0
3,4.973519621676334,2.8103118833740157,3.8180541098033944,5,5,0
0,2.109156578455095,1.36535528727,1.7372559328625474,3,3,0
4,5.2145585423669125,0.23110316843633266,3.368693902256542,4,2,0
4,3.6171217123741433,1.0687518057924594,2.17659011162442,8,6,1
1,2.120743663117437,1.4951011771641725,1.8079224201408048,3,3,0
3,5.430827560700061,0.8649226039646309,2.547059835165244,7,6,1
4,5.550607738731334,2.0031656701654104,3.4199200620219674,5,5,0
6,4.376499348593927,0.455615395817784,3.046687010916604,8,5,0
3,5.6420944258487244,0.17761670805686164,2.5647494300351665,8,6,1
4,5.883666252673736,0.5212519419932851,2.823510683622525,8,6,1
3,5.090689147030312,0.5913722789721244,2.6289791137310714,6,6,0
5,4.81831386923408,0.6266264270109416,2.748972696094009,7,5,0
1,3.4386875505616716,0.24042470666372764,1.8395561286126996,3,3,0
0,5.731559870720724,1.0730331438268874,3.402296507273806,3,2,0
4,4.2741904736436105,0.4561541828043978,2.299226539924413,7,7,1
3,5.628624923099701,0.6948692570643912,3.1616439857002203,8,7,1
3,5.555895657950478,1.3304630912160935,2.6697181397042837,8,6,1
3,5.734806305458184,1.1621478537350134,3.5629836186960446,8,5,1
3,5.593170190224472,0.5915471164746832,3.314580152038121,8,7,0
3,4.963018161400327,1.1068837322589855,2.7912583607963595,6,5,0
3,4.078364638100349,1.9181006850506344,3.257910356183945,8,6,1
4,5.673122905935352,1.881674686950892,3.9540348171700264,8,7,1
4,4.693820858174384,1.7515554518554282,2.8165606369771634,5,5,0
4,5.901465593761461,0.5015794556814325,3.2112098531942697,7,7,0
3,4.4637343600669315,0.6180425283268288,2.289092071927064,7,7,1
3,4.892252393830377,0.4140353910665633,2.466644845960971,8,6,0
4,5.328098065136422,0.669199101364981,3.1333524635019137,6,5,0
3,4.420299039327726,1.152936987529828,2.4474406241127586,7,7,1
1,4.960972885626765,3.8128125502064014,4.259103915296812,4,4,0
3,5.681334091897391,0.37610803796897285,3.358025879288196,8,6,1
3,5.546454731423032,0.11136540403108658,3.032626082296774,8,6,1
4,5.384526588724973,0.20558224048734336,3.410564841548792,7,7,1
3,5.829013721199212,1.1296941476290612,3.395956879000855,8,6,1
3,5.401820241204111,1.628363336736713,3.5020990581956912,5,5,0
3,5.945660118428599,1.0680810732113184,2.706200287745819,6,6,0
3,4.619902922237363,0.36784380822677554,2.5682931866767142,7,4,0
1,5.946462044159218,3.858376350605371,5.258640685390131,8,4,0
1,5.342000306931724,1.4116739709365405,3.544618720437908,8,5,0
7,3.5311997194660965,0.6524000256541326,2.5928706320694332,8,5,0
7,5.824474428444842,1.1876493547499678,3.694688572972513,7,3,0
1,4.091541918506794,0.35910676138371667,2.224115419833586,7,4,0
1,5.212347098088727,1.6364887683149458,3.6014839106190064,7,3,0
1,4.235854110505634,4.235854110505634,4.235854110505634,2,2,0
4,5.906482175233852,0.8997369639035743,4.109372154653555,7,6,1
2,5.844247039485033,2.9309148583689075,4.387580948926971,3,3,0
5,5.53737811200913,0.1576210202515605,2.985403807836005,8,4,0
2,4.796377106731233,0.27014639592932455,3.2721127001342176,5,5,0
4,5.488533106233302,3.3027737854059325,4.5866875791072435,7,6,0
4,5.698969033159302,1.7081377548699996,3.9855149044338125,8,6,1
1,3.8798437604099982,0.874228018909969,1.8801063277774304,7,4,0
3,5.7531041562224186,0.499951107029603,2.527700357054597,5,5,0
3,4.788284135894026,4.566847645907234,4.677565890900629,3,2,0
4,5.720593319274674,0.2567420898376054,3.3869449737230872,7,7,0
4,4.564173813648392,0.6508267991495541,2.4465556105874984,8,7,1
3,5.9527657854124545,0.28855617079578066,3.4517259183213462,8,4,1
3,5.4781680880650345,0.38122750912518,2.319111164218504,6,5,0
3,4.386180345801207,1.0457916998696402,2.384219455175521,6,5,0
4,4.917038500256933,2.788059492704907,3.9659996546337246,6,4,0
3,5.862599444770547,0.8723830906389639,4.56436106202941,8,6,1
4,5.764376241195255,0.29825474858735485,2.4744405604225785,8,7,1
3,5.808958474988654,0.8701437376605907,3.3395511063246226,3,3,0
3,5.378080068423848,0.26556829863171083,2.951643081891022,7,6,0
1,5.8835178681496645,3.0519566669712077,4.0755050245175575,4,4,0
4,5.831982242132603,0.25343029899306535,2.9162904003329473,7,5,1
4,5.679683780180778,1.6214296596470088,3.9458482551998086,6,5,0
3,5.623152919698847,0.3313255600775703,2.667761104238969,6,6,0
4,4.90231815539445,0.9212289698125874,2.6507590591628545,8,7,0
4,5.582664964032275,1.0955782182487104,3.35837246322119,8,7,1
3,4.711506518906958,2.697817145855821,3.4262888339784023,4,4,0
2,4.035109699973301,3.1689531782898586,3.6020314391315797,3,3,0
4,4.553164360290071,1.168007462364514,3.051708402358782,6,6,0
3,4.640302086617257,0.24973416406737006,2.407154640391258,8,6,1
3,5.855740375842269,0.5838466384464714,3.029831414732801,8,7,1
4,4.784524910859285,1.6508694391717946,3.341974169270759,8,6,1
1,4.904592491598222,2.0765564261618747,3.209886819304308,8,5,0
1,5.966292307372067,4.033315052937861,4.9998036801549635,3,2,0
3,5.750100647879698,0.5604929090949772,3.535070967867191,6,5,0
5,5.965286449359975,0.5926288202465989,3.3758522392142005,6,4,0
1,3.357480338645044,1.2257931384531096,2.741341579742316,5,3,0
4,5.8472688664721275,0.5184936060274858,3.3542334923295614,7,6,1
3,4.916917677234372,0.36601628283960996,2.6227828434031673,8,6,1
4,4.832030402323291,0.6244969990415985,2.475737603085689,7,6,0
1,5.5050797225337496,0.22549299766500636,2.66694826049682,7,4,0
3,4.19504017298805,1.6152849653348325,2.9882809000491712,7,5,0
3,5.609578485863515,0.9715374976044959,3.355654608664023,8,6,1
3,3.554396732770989,2.033411208702534,2.7939039707367614,3,3,0
3,4.5386974799687865,0.7454796220288716,1.9542715351524744,7,5,0
4,5.944556405386443,0.21639978052260828,2.770133355717159,7,4,0
3,3.63141833500653,0.521894182016741,2.0357299848795143,6,6,0
4,5.668183737580114,0.5954982635753229,3.0939706594950125,8,6,1
4,4.0089660023577345,0.9721069309603814,2.4583099519471086,6,5,0
1,4.846497984088837,0.13631915599075467,2.657359287489473,7,4,0
0,3.204960803523973,3.204960803523973,3.204960803523973,2,1,0
5,5.651946712707713,1.1786031028317996,3.8304556004600023,6,4,0
3,5.784192170102107,0.20435221827349453,2.5056199256150293,6,5,0
3,5.937288075345319,1.5819950462077235,3.8342282979081284,7,6,0
3,4.034808690320495,2.0693207188506904,3.3654936327053506,4,3,0
3,4.216322090052034,0.3349517755686885,2.6689878799748668,5,5,0
1,5.210064021887131,1.3743544727203216,3.25149856936287,7,4,0
4,5.38274207271367,1.4681382041823627,3.462492620653311,6,6,0
4,3.653178567955918,0.43156019586558647,1.9203314569702554,5,5,0
3,3.2824809492758757,0.3550433817884261,1.7821583545594943,7,4,1
3,5.74526481020927,0.423576463769872,3.121222810809347,8,5,0
4,4.841961100111865,0.6099439178237034,2.5752415299748153,7,6,0
3,4.41389617474293,0.8092193986715458,3.2981908101961843,8,6,1
2,4.296072782541376,1.3575475321158477,2.9353024412421553,4,4,0
3,5.898396845614907,1.3867450417192306,3.89065767833916,6,6,0
3,5.5852266589397725,0.5635812519859518,2.8117822260430585,7,5,1
2,4.8589268208403045,0.8234757484359853,3.157792458298735,4,4,0
3,3.688230403232041,0.47838685124507807,2.2261509896401184,6,4,0
3,5.2518104652971775,0.7895690672183547,2.381900553817675,8,7,0
4,5.2702816766142595,1.5559450042905136,4.346682418122919,8,7,1
3,5.96448334922564,1.5825030858470746,4.0293450052369915,6,5,0
3,5.120176562178916,1.841544962179554,3.162346117808319,8,5,1
1,5.60116636319402,0.13717719877146606,3.2202423259540973,5,5,0
1,5.278335202224015,0.6200830030732756,2.496595122287674,5,4,0
4,5.952442852827895,0.4196161370206166,2.9860448345151736,7,5,0
2,5.878668388242084,4.146970024959501,5.012819206600792,3,2,0
3,4.922676898345185,1.2324924657626122,3.3225044708661553,5,4,0
2,2.696314002453097,0.3256093836795044,1.6250011343677497,4,4,0
3,4.013552059178675,0.2939972704919389,1.9212673391429633,8,6,1
4,3.774611825716427,2.0990889437179554,2.67239607009681,5,4,0
4,4.20793236757445,1.2203491151366508,2.5529789457993144,8,7,0
5,4.899820320058935,1.4545184942988543,2.987642556960954,8,7,0
1,2.101094931599376,0.5821138603588782,1.341604395979127,3,3,0
3,4.947061396651649,1.375379920036141,2.6518411628981684,8,7,1
2,5.884757613118289,0.31443906142296374,3.072175771260677,6,5,0
5,5.53553449780744,1.4578471374873745,2.7736676523455275,8,8,0
3,4.587211754381243,0.5735733363076572,2.83756897263954,8,7,1
5,5.922681720385716,1.276507614357892,4.431917864103685,5,3,0
4,4.59913907017511,2.1227206732844865,3.7124502813940015,8,7,0
3,5.499319093213347,0.2678535904748293,2.223979369692862,8,5,1
4,5.461209450775453,0.39178261000966086,2.661581460403003,8,8,0
3,5.187580862520382,0.8110533754885827,3.0573066234731074,8,7,0
3,3.9487980282022446,0.41026206255501807,2.061496690118356,5,4,0
1,5.023534850667411,0.37181181757394866,2.209436702401304,5,4,0
1,2.3395141683973586,0.547598007657405,1.488139781408865,7,4,0
3,5.787005341527804,0.4110535365002679,2.938962440477986,8,6,1
3,5.879541376471731,2.0975356308222226,3.4264322899314084,8,6,0
1,5.599689787979116,1.3304156775976694,3.9082067925154726,6,4,0
3,5.285902790638604,3.8310484416018866,4.56416725876228,5,5,0
3,4.445363312918314,0.15045005962030153,1.958011177742797,4,4,0
4,5.036750029335313,0.3319300270296105,2.9077082598316117,8,7,1
4,4.265583683968595,0.7688059138673435,2.5805492749428014,5,5,0
4,4.112625026434368,0.5767618377096508,2.7331320371374344,7,6,1
3,5.8996391961557055,1.2581786539486022,3.689458522106117,7,5,1
5,4.314119418282942,0.6165612713072919,2.7625978436915752,6,4,0
3,5.671405173447888,0.5516147797881449,3.154350131149481,8,6,1
3,3.9067364412629133,3.0802308295378262,3.4163310893689514,4,3,0
3,5.974593994105809,0.4790864240335113,4.157872140157602,8,6,1
4,4.82540361735407,1.8699918939140037,3.581174137214288,5,5,0
4,4.055025686897587,0.426193083507191,1.4048127927613852,7,7,0
4,4.780327801600951,0.49080424741453677,2.9960762583469602,8,7,1
4,5.746914746318367,0.8394917880809445,3.256354373640894,7,6,1
1,2.540063122581577,0.7832484224783463,1.4578445521479362,4,3,0
1,4.46922534459767,0.3541694409051752,2.499151056673921,8,5,0
4,5.243434999997854,0.7823923213354893,2.2427881743080023,8,7,0
2,5.184028063957006,4.13163767413778,4.657832869047393,3,3,0
1,4.887018990603568,0.5878127029212318,2.691554953750454,7,4,0
4,5.051424356921793,0.7625797086920105,3.0140660269637487,6,6,0
6,4.368055463377104,0.19482286110700028,2.388607030857443,8,6,0
3,5.794077527966067,1.2553935520755344,3.4818953561008628,8,5,1
3,5.35948877712299,2.11199959306949,4.255273771660283,6,6,0
3,5.738051512764276,0.48537869045792315,3.209015935024574,8,7,0
1,4.400819753670897,0.7745947339235943,2.2803480049544014,4,4,0
3,4.947823894206099,0.2839278795830915,3.324670993983499,8,6,1
4,5.1137441436819575,1.1331012059931211,2.8593471812441433,7,5,0
3,5.629170268582702,0.32442498113721463,3.950960093245098,8,6,1
4,5.715340630836711,0.7572233419902212,2.859623674064317,8,7,1
3,3.8930647653939108,0.17353341207126038,1.6781343269321107,5,4,0
4,5.44706090963081,1.5888661361122773,3.036359706181198,6,5,0
4,5.383071817102015,0.22421687452032119,2.914826686436422,4,3,0
4,5.690479031185174,0.5730821242530131,3.1549885569974987,6,4,0
1,4.919247047925138,0.9407363418550896,2.958847916069366,6,4,0
3,5.300490064394352,0.26763220983649916,2.7549809820413578,7,5,0
2,3.4022855003844694,0.39684329834904497,1.8155797220988814,4,4,0
3,5.430842640335971,0.3721858930522084,3.597242274611993,8,6,1
1,5.1884094262783105,0.44700948890868886,3.0124674357054864,8,5,0
5,5.142961518342,0.7534341705431219,3.136687516494685,7,5,0
3,5.064398780687136,0.9060669909526228,3.411823236823818,7,5,0
3,5.15366271398842,0.9859499325970317,3.0780000580934175,7,6,0
3,5.900426659277245,2.9028012924424766,4.324008039022352,4,4,0
3,5.467716566320219,1.3008296413159326,3.8456946963072824,8,7,1
4,4.836173844030766,0.7206535702721794,1.8642567653949638,8,7,1
3,3.541126919867745,0.6299242796770729,2.0256271384862603,8,6,1
1,5.8481924769176965,2.115625915161459,4.05777307728959,7,4,0
1,3.9852342690723583,0.3950254234996595,2.5854329878558215,5,4,0
4,5.264490572733765,1.3068644033334103,3.252616932133628,6,4,0
3,5.5791850274982515,2.0373147499934214,3.805572427431334,8,6,1
3,5.408844166475012,1.870573806066369,3.4890041144232558,4,4,0
4,5.6083114319052765,1.009658114280912,3.5093667101678676,8,6,1
3,5.914942639839659,0.12637654157167227,3.3894999123886196,8,5,1
4,5.508872623348887,1.127636966144204,3.2176966028247285,7,4,0
1,5.545477113946073,0.2541749526116156,2.2243884072115843,4,3,0
2,5.061617045766279,2.6554328686895516,3.858524957227915,3,2,0
1,4.893515636969883,1.1358378862330358,2.519363060454216,7,4,0
2,5.351588896906823,0.5583359724699357,3.0107271481626725,7,6,0
4,5.734730387069269,3.45047095166037,4.693702229690116,7,6,1
3,5.061524449499328,1.5821320304481148,3.1659145517289464,7,7,0
2,5.555450995767195,2.36028460826358,3.9518913796744655,6,4,0
1,4.660536227906984,1.083842055539195,2.582093515335892,7,3,0
0,1.9336949102465097,1.0746433090773908,1.5472983536292457,4,3,0
4,4.940323161746506,0.7248762314792963,2.797824714035998,7,6,1
1,4.3269419559787625,1.98504095861872,3.1559914572987413,3,3,0
3,5.839127877333469,0.9703403623125388,3.7653229841546723,8,7,0
3,5.07539599379317,0.7705767941236994,3.031288354002387,8,6,1
4,5.271872506031762,1.598042277999382,3.3554537696654974,8,7,1
5,4.833093019705845,0.9392099782994194,3.431385934438409,6,5,0
3,5.940269196321003,1.35237750938614,4.2313100969206925,6,5,0
3,5.216280222535978,0.6333623581492904,2.908247638808867,7,5,1
4,5.818520044606509,0.2979916011736671,4.410525544427334,8,6,0
3,5.396386791537638,0.47526146922359913,3.0497073281076275,8,6,0
3,5.576997216965169,0.8758076847989547,3.779260670782477,7,5,1
1,4.611932060305367,1.32058010088559,2.4732158156869346,6,5,0
4,3.7545645584352,1.2076148551113786,2.2529177832342433,7,6,0
1,3.3023485456665695,2.081823077541732,2.8840979780877958,4,4,0
2,3.9076742445933075,1.0111005908980386,2.325935341217014,5,5,0
4,5.586466181098583,0.8373237753056983,3.5385867068944994,7,7,1
1,4.874909831618945,2.0717007291005034,3.473305280359724,3,2,0
4,5.98455520482286,0.5286924173631868,3.7606531438216573,8,8,1
1,4.855680530945047,1.6412151276345086,2.748358671848192,6,4,0
1,5.211209787805589,1.7517257435968323,3.527947737508844,6,5,0
3,3.8982006846608885,0.7212001156652553,2.3997943929142944,7,6,1
1,5.821367050867244,0.21793690219880457,2.156363102471032,6,4,0
3,3.511796937186979,2.1851716174261253,3.104275118209651,5,4,0
4,4.56709448104765,0.9254230800734969,2.488134160160092,6,4,0
3,4.104299391646012,0.5317911305125805,1.99259951109376,6,5,0
2,3.8415652425686013,0.6624730539529752,2.1176262434067166,5,4,0
5,5.650564482676774,0.15333120952780943,2.4068413354050016,8,6,0
3,5.8055449290102406,1.8314128544654489,4.120517173046556,7,5,1
3,4.605442292182851,0.9891294911892234,2.7972858916860375,3,2,0
3,5.308314436547498,0.43538268823721105,2.6767265721899727,8,6,1
7,4.652680984661003,0.9340105374577292,2.238054105156545,8,6,0
3,5.313035599061462,0.9762319227295838,2.519746067241967,8,6,1
3,5.55142608703534,1.5885192345443995,4.044332749323048,8,6,1
3,5.150448209951716,0.5924517746869967,2.979138244642557,5,5,0
3,4.188266225874879,1.6714525270497753,2.2564486316212777,8,6,1
2,4.343058407751551,0.2571680701086337,2.0161418841774665,5,4,0
4,5.058261603749581,2.8270137337967802,3.449865587217397,7,7,1
4,5.377944287776048,0.525527545357979,3.0319185988378052,8,6,1
5,5.85363436060474,1.0408311162111463,3.826309466009124,8,5,0
3,5.786109866444251,0.8184910218961353,3.4746994839773877,8,6,1
3,5.658963103184935,2.3843577105532927,4.090666949644074,5,5,0
1,5.294603838254346,1.866369036890323,3.536831141507591,6,5,0
3,5.321157276592307,0.2788290467869591,2.248148971302506,8,6,0
2,4.893263840571957,3.2863191589571934,4.0897914997645755,3,3,0
4,3.9336400903286104,0.5004141402231478,1.9262266036108633,5,5,0
3,5.113469949593353,0.3833495199926159,3.07230251573329,8,7,0
5,3.8837919096656917,1.3457406596630452,3.20054985105919,7,4,0
1,4.9263816817095885,0.3556720126284324,3.137303993093957,7,4,0
4,5.800749837347597,0.5067658756970905,3.462129127108569,8,7,0
3,5.212897139643884,0.7426971832509037,2.9161780169314273,6,5,1
1,5.111011987358799,0.54922286405376,3.448187064468809,6,4,0
3,5.53359035919016,0.9816535442524594,3.0143495440177768,6,6,0
3,5.0711707430735435,0.2330504025538022,2.9666947880451664,8,7,1
4,4.330784750481929,0.4872036302068251,3.105464262265452,6,6,0
3,5.935332663055102,0.22588374866689098,3.756448078411256,8,6,0
2,4.650148398807965,1.316241716107545,2.8488008475406583,5,4,0
3,5.912047228718034,2.5103214557721714,3.8866563613782574,7,6,1
5,5.438803821571289,0.7355289363451641,3.9096516114061974,7,7,0
4,4.7486974761689105,0.30554768943134125,1.9405333885309617,7,6,1
3,5.853214091089109,1.1486391152274393,3.6880581316501577,7,5,0
1,5.947980758441439,2.8061256059371797,4.172032191434093,8,5,0
5,4.7182776969147495,0.2608078105455123,2.2831389652600267,6,5,0
1,5.437566768238224,0.39545908560001375,2.4896976523134904,4,3,0
4,5.56841972982036,0.40828118628836274,2.8189003799390195,7,6,1
1,3.0948396450571223,0.4316289155896056,1.475361347299799,4,3,0
3,5.02413423861688,0.2619281698422309,3.128512503344926,7,6,1
3,5.30576688903376,0.3402496432129023,2.7433034513703114,7,5,1
1,5.762921052451399,1.0858329601044039,4.405496021338439,6,4,0
2,5.567096826788881,1.6353999969416086,4.260844261559682,8,5,0
4,5.946207272037053,0.958159339684325,3.1715279293906025,6,5,0
4,5.248710448277588,0.5465981178243509,2.4785728725885154,8,6,1
3,5.75709833735166,0.2953201682600348,2.528501417626854,7,5,1
3,4.770169803917885,1.6555822570735674,3.2349863384091093,8,6,1
1,4.933137080730977,2.3812675966963486,3.6572023387136627,3,2,0
1,4.701424958035462,0.5547200427897374,2.5938891577451635,6,4,0
1,3.3591941322540846,0.7718029816903801,2.065498556972232,3,2,0
4,5.4466398689976,0.9823756284846258,2.8242365568259222,8,8,1
5,4.757944747215286,0.25184064362738273,3.252337428131684,7,6,0
1,5.723426543147623,3.7304193487362283,4.558542556705761,5,4,0
3,4.410613595884848,0.991316339784877,2.692742781586467,7,5,1
2,4.608946912221561,0.17825292306119095,1.8266893193252938,5,5,0
3,5.008051177118157,0.4922833093561102,2.482424917194183,6,4,0
3,4.950049543858837,0.5700726863677316,2.4810134961211463,8,6,1
4,4.473292756357166,1.02794498679292,2.993465721767269,7,5,0
4,5.924342233592794,1.2105304479646346,3.767241714636446,8,7,0
4,5.098136674099975,0.5701901686610147,2.743258268157153,8,6,1
1,5.815703723902549,0.6242775384957853,3.789430557409219,5,4,0
3,5.432643691756311,2.113037814083332,3.39107833005707,7,5,0
3,5.994437337897649,0.18068420049644873,2.977933920671071,8,6,0
3,2.3580716432427105,0.8041379111780811,1.5161552789854236,4,4,0
5,3.958179997117642,1.0551276906033633,2.4028565962897095,7,6,0
3,3.419620992117822,0.4158797205784105,2.050605581437764,7,6,1
3,5.253441452225647,1.0577373614432035,3.575352447759594,6,6,0
4,5.588383231128011,1.906695113350561,3.5021408699396246,7,6,1
3,5.529344574139199,0.2721340647397914,2.9341617642496485,8,6,0
4,4.035436778711043,0.3812721211440663,2.5599525355755794,5,5,0
3,5.796371269459936,0.28924048478671044,3.6230540901013524,7,6,1
3,4.8948547060252885,0.21962952103228667,2.4758505325973634,8,5,1
4,2.7922097741414404,0.14068753501217413,1.3749372837506606,7,6,1
3,4.362701295061709,0.6296476021613044,2.3077744627707046,8,5,1
4,4.626407766138076,1.2513013535458934,3.0331910004536495,7,7,1
1,4.478403860704412,0.9988610358396443,2.294535629042706,5,4,0
3,5.70368293146343,0.10857952308457743,3.8946128569169094,7,5,0
3,5.984191038251525,0.14594115061504526,3.3955925146684938,8,5,1
4,5.492808999712487,0.3678592585274396,2.600823310210723,7,6,0
1,0.6281084955346395,0.24959723137747242,0.438852863456056,3,3,0
2,5.552625306776433,0.24422678168912562,2.5652957695911707,7,6,0
7,5.76524026789398,0.33290711144588275,2.7326188983387802,7,5,0
3,5.90982814944801,0.29221724580601915,3.4665243567832875,8,6,1
2,4.096306373566735,3.4498867579803694,3.6874149650307433,4,4,0
3,5.8170164122715295,0.139810799821531,3.130257371127454,8,5,1
3,5.323591745801842,0.8344280055127559,2.980340478287791,8,6,1
4,4.538847324747195,0.2700834243451936,2.2339664127671908,8,8,1
3,5.209309076650401,1.2220460140234481,2.8152633804886817,8,7,1
5,5.934465934531185,0.5756712477148238,2.9334697892972303,7,5,0
3,5.688190511109127,3.1474681418760193,4.358066328957183,7,5,1
4,4.016615146112267,0.2916253531330223,2.5617619277734214,8,7,1
4,5.782047911493709,1.2755195988347268,3.095440890436157,8,5,0
